latitude,longitude,brightness,frp,bright_t31,acq_date,acq_time,satellite,confidence,daynight,NOM_DEP,NOM_PROV,NOM_MUN,HECTARES
-17.69393,-58.24674,332.16,3.04,295.6,2024-09-02,500,N20,n,N,Santa Cruz,Angel Sandoval,San Matías,2708229.504
-13.59211,-63.13916,339.75,4.17,298.81,2024-09-04,538,N,n,N,Beni,Itenez,Baures,1761607.494
-16.59386,-60.38649,333.4,4.95,287.53,2024-09-01,454,N,n,N,Santa Cruz,Velasco,San Rafael,973100.718
-15.4174,-65.32504,306.46,1.31,292.21,2024-08-20,520,N,n,N,Beni,Moxos,San Ignacio,2001132.642
-15.47435,-63.59801,328.36,6.35,294.39,2024-08-28,1842,N,n,D,Santa Cruz,Guarayos,Ascención de Guarayos,867384.615
-18.60452,-57.85724,347.35,4.28,286.49,2024-10-09,441,N,n,N,Santa Cruz,German Busch,Puerto Suarez,1298155.148
-17.43698,-59.21656,328.49,2.7,299.31,2024-08-06,506,N20,n,N,Santa Cruz,Angel Sandoval,San Matías,2708229.504
-17.64209,-59.70669,305.69,2.69,294.1,2024-09-09,545,N,n,N,Santa Cruz,Chiquitos,San Jose de Chiquitos,1912059.482
-19.53987,-63.84229,307.61,0.81,289.09,2024-01-11,533,N20,n,N,Chuquisaca,Luis Calvo,Villa Vaca Guzmán (Muyupampa),379292.319
-16.24577,-61.62154,324.08,4.04,296.53,2024-09-08,603,N,n,N,Santa Cruz,Velasco,San Ignacio de Velasco,4910231.16
-15.65903,-62.15906,367.0,18.12,301.55,2024-09-06,501,N,h,N,Santa Cruz,Ñuflo De Chavez,Concepción,3510852.308
-14.47001,-63.36724,339.53,4.98,300.68,2024-10-08,1756,N20,n,D,Santa Cruz,Guarayos,Urubicha,1046999.667
-16.0247,-64.54995,315.51,2.86,289.67,2024-09-30,434,N20,n,N,Santa Cruz,Ichilo,Yapacaní,951411.755
-15.35169,-65.14959,341.04,8.83,293.8,2024-10-05,1712,N20,n,D,Beni,Moxos,San Ignacio,2001132.642
-16.45059,-62.25046,355.17,19.74,311.52,2024-09-07,1714,N,n,D,Santa Cruz,Ñuflo De Chavez,Concepción,3510852.308
-15.51607,-63.49036,307.98,1.13,288.75,2024-08-27,512,N20,n,N,Santa Cruz,Guarayos,Ascención de Guarayos,867384.615
-17.47217,-59.07128,317.73,1.71,297.02,2024-09-11,507,N,n,N,Santa Cruz,Angel Sandoval,San Matías,2708229.504
-15.86813,-61.18105,332.93,2.6,305.97,2024-09-07,1738,N20,l,D,Santa Cruz,Velasco,San Ignacio de Velasco,4910231.16
-16.4092,-62.21854,343.11,5.84,305.26,2024-08-28,1725,N20,n,D,Santa Cruz,Ñuflo De Chavez,Concepción,3510852.308
-12.50293,-65.45829,319.0,3.59,289.87,2024-08-25,549,N20,n,N,Beni,Yacuma,Exaltacion,2497316.752
-13.59439,-65.19438,336.62,7.73,292.66,2024-06-21,1842,N20,n,D,Beni,Mamore,San Joaquín,869243.103
-15.71957,-61.0593,329.31,4.03,294.37,2024-08-02,557,N,n,N,Santa Cruz,Velasco,San Ignacio de Velasco,4910231.16
-16.74163,-60.30451,305.15,4.03,292.4,2024-09-04,422,N20,n,N,Santa Cruz,Velasco,San Rafael,973100.718
-17.23431,-60.81736,324.69,35.36,310.4,2024-07-21,506,N20,n,N,Santa Cruz,Chiquitos,San Jose de Chiquitos,1912059.482
-16.40404,-62.14261,307.34,2.43,291.83,2024-09-07,506,N20,n,N,Santa Cruz,Ñuflo De Chavez,Concepción,3510852.308
-17.42101,-59.73192,350.92,113.14,308.51,2024-09-07,1737,N20,n,D,Santa Cruz,Chiquitos,San Jose de Chiquitos,1912059.482
-14.51067,-64.22932,351.53,22.72,310.05,2024-09-04,1811,N,n,D,Beni,Cercado,San Javier,817332.335
-14.81166,-62.20333,322.6,3.05,294.92,2024-09-24,446,N20,n,N,Santa Cruz,Ñuflo De Chavez,Concepción,3510852.308
-15.3644,-62.3572,329.2,42.1,300.7,2024-09-25,140,Terra,100,N,Santa Cruz,Ñuflo De Chavez,Concepción,3510852.308
-15.3937,-62.61976,311.37,1.93,289.21,2024-08-21,525,N20,n,N,Santa Cruz,Ñuflo De Chavez,Concepción,3510852.308
-15.19656,-61.71458,306.13,1.15,291.78,2024-09-14,550,N,n,N,Santa Cruz,Ñuflo De Chavez,Concepción,3510852.308
-17.93432,-59.12061,313.8,1.45,287.99,2024-10-07,519,N,n,N,Santa Cruz,Angel Sandoval,San Matías,2708229.504
-16.6893,-60.41001,355.54,8.9,307.56,2024-08-31,1745,N,n,D,Santa Cruz,Velasco,San Rafael,973100.718
-16.44194,-60.07908,306.69,3.36,295.05,2024-08-03,422,N20,n,N,Santa Cruz,Velasco,San Rafael,973100.718
-15.2916,-63.1487,307.6,23.5,295.7,2024-09-24,238,Terra,8,N,Santa Cruz,Guarayos,Urubicha,1046999.667
-16.79909,-59.31989,314.31,2.42,296.22,2024-08-03,538,N,n,N,Santa Cruz,Angel Sandoval,San Matías,2708229.504
-16.37877,-59.63805,325.03,2.44,297.08,2024-08-06,506,N20,n,N,Santa Cruz,Velasco,San Ignacio de Velasco,4910231.16
-17.36806,-59.25385,322.93,5.86,297.22,2024-08-03,539,N,n,N,Santa Cruz,Angel Sandoval,San Matías,2708229.504
-13.61992,-63.03753,337.68,9.46,296.66,2024-09-20,1654,N20,n,D,Beni,Itenez,Baures,1761607.494
-15.75893,-62.48003,345.44,13.51,305.98,2024-09-22,1756,N20,n,D,Santa Cruz,Ñuflo De Chavez,Concepción,3510852.308
-17.98197,-57.84096,348.87,5.09,301.65,2024-09-12,512,N20,n,N,Santa Cruz,German Busch,Puerto Suarez,1298155.148
-15.97056,-60.37395,332.94,5.48,297.52,2024-06-23,1803,N20,n,D,Santa Cruz,Velasco,San Ignacio de Velasco,4910231.16
-14.32942,-64.66027,310.82,2.8,293.18,2024-09-24,446,N20,n,N,Beni,Cercado,San Javier,817332.335
-14.87877,-63.25389,332.97,2.23,291.6,2024-10-01,531,N,n,N,Santa Cruz,Guarayos,Urubicha,1046999.667
-13.15767,-65.65913,367.0,9.5,299.42,2024-08-12,1702,N,h,D,Beni,Yacuma,Exaltacion,2497316.752
-18.9153,-57.8998,350.42,15.19,311.86,2024-10-08,1731,N,n,D,Santa Cruz,German Busch,Puerto Suarez,1298155.148
-17.02627,-64.93858,339.35,3.48,302.97,2024-08-30,1804,N,n,D,Cochabamba,Carrasco,Puerto Villarroel,224074.541
-12.32316,-66.2317,336.35,11.56,301.52,2024-09-20,1811,N,n,D,Beni,Yacuma,Exaltacion,2497316.752
-15.7277,-60.92674,367.0,74.18,331.35,2024-07-18,1654,N20,l,D,Santa Cruz,Velasco,San Ignacio de Velasco,4910231.16
-13.6524,-63.68352,336.88,15.1,301.85,2024-08-02,1714,N20,n,D,Beni,Itenez,Baures,1761607.494
-17.6446,-59.17961,313.94,1.28,296.42,2024-08-17,500,N20,n,N,Santa Cruz,Angel Sandoval,San Matías,2708229.504
-15.94888,-62.27465,337.15,84.89,299.11,2024-09-05,1752,N,n,D,Santa Cruz,Ñuflo De Chavez,Concepción,3510852.308
-15.05162,-64.15801,302.16,0.77,283.24,2024-08-26,531,N20,n,N,Beni,Marban,San Andrés,935478.015
-15.44097,-61.74833,353.27,15.82,312.56,2024-09-21,1751,N,n,D,Santa Cruz,Ñuflo De Chavez,Concepción,3510852.308
-17.91364,-59.21657,335.77,4.59,297.42,2024-09-24,1654,N,n,D,Santa Cruz,Angel Sandoval,San Matías,2708229.504
-17.32257,-59.00511,339.21,4.67,294.01,2024-08-23,1719,N20,n,D,Santa Cruz,Angel Sandoval,San Matías,2708229.504
-15.3364,-61.1934,333.1,31.8,307.3,2024-09-07,1816,Aqua,82,D,Santa Cruz,Velasco,San Ignacio de Velasco,4910231.16
-17.291,-58.44983,367.0,10.23,299.38,2024-08-03,1810,N,h,D,Santa Cruz,Angel Sandoval,San Matías,2708229.504
-13.2419,-65.93799,367.0,214.64,342.98,2024-10-03,517,N20,h,N,Beni,Yacuma,Exaltacion,2497316.752
-17.26208,-60.99522,333.7,15.19,293.01,2024-07-14,1809,N20,n,D,Santa Cruz,Velasco,San Miguel de Velasco,954415.805
-14.96039,-63.79987,311.05,2.85,292.69,2024-10-16,550,N,n,N,Santa Cruz,Guarayos,Ascención de Guarayos,867384.615
-17.72225,-58.38175,324.21,12.81,296.84,2024-08-29,411,N,n,N,Santa Cruz,Angel Sandoval,San Matías,2708229.504
-17.91751,-59.08155,320.24,5.37,295.18,2024-09-10,526,N,n,N,Santa Cruz,Angel Sandoval,San Matías,2708229.504
-19.59543,-58.14214,312.71,8.13,295.83,2024-08-06,507,N20,n,N,Santa Cruz,German Busch,Puerto Suarez,1298155.148
-16.75009,-58.56503,342.59,11.98,310.25,2024-08-16,1750,N20,n,D,Santa Cruz,Angel Sandoval,San Matías,2708229.504
-14.6936,-61.6178,318.3,15.2,295.2,2024-09-28,203,Terra,78,N,Santa Cruz,Velasco,San Ignacio de Velasco,4910231.16
-14.006,-66.6448,301.2,3.8,276.7,2024-01-23,615,Aqua,29,N,Beni,General Jose Ballivi,Santa Rosa,1210566.888
-18.63336,-58.02137,307.05,1.45,294.59,2024-03-20,449,N,n,N,Santa Cruz,German Busch,Carmen Rivero Torrez,1101079.142
-16.50432,-64.50234,332.8,3.68,301.37,2024-10-06,1809,N,n,D,Santa Cruz,Ichilo,Yapacaní,951411.755
-16.67425,-59.01783,317.4,5.9,292.49,2024-08-02,417,N,n,N,Santa Cruz,Angel Sandoval,San Matías,2708229.504
-18.3483,-57.6095,317.7,13.4,297.6,2024-08-07,136,Terra,45,N,Santa Cruz,German Busch,Puerto Quijarro,145026.251
-14.8128,-66.688,346.5,131.7,298.6,2024-07-17,1911,Aqua,94,D,Beni,General Jose Ballivi,San Borja,1348856.721
-18.50167,-63.43428,338.25,4.73,309.02,2024-11-14,1802,N20,l,D,Santa Cruz,Cordillera,Cabezas,505815.887
-14.17193,-63.39622,313.11,1.18,283.74,2024-10-16,549,N,n,N,Beni,Itenez,Baures,1761607.494
-16.4585,-60.81944,330.71,7.91,289.24,2024-12-19,1705,N20,n,D,Santa Cruz,Velasco,San Ignacio de Velasco,4910231.16
-15.97024,-61.78668,318.1,1.84,284.79,2024-07-14,537,N20,n,N,Santa Cruz,Ñuflo De Chavez,Concepción,3510852.308
-16.02348,-61.31522,342.52,6.89,292.91,2024-05-09,1823,N,n,D,Santa Cruz,Velasco,San Ignacio de Velasco,4910231.16
-16.65482,-60.49085,367.0,175.73,330.81,2024-09-08,1835,N,l,D,Santa Cruz,Velasco,San Rafael,973100.718
-15.8885,-61.2705,319.5,60.7,291.7,2024-06-15,633,Aqua,99,N,Santa Cruz,Velasco,San Ignacio de Velasco,4910231.16
-15.90661,-61.25744,303.36,1.19,292.54,2024-09-03,440,N20,n,N,Santa Cruz,Velasco,San Ignacio de Velasco,4910231.16
-16.51664,-59.65783,340.2,8.55,299.1,2024-08-14,1648,N20,n,D,Santa Cruz,Velasco,San Rafael,973100.718
-12.73667,-63.136,305.42,1.89,295.04,2024-09-21,542,N20,n,N,Beni,Itenez,Magdalena,1363449.184
-16.4916,-66.77034,367.0,14.28,295.65,2024-08-17,1848,N,h,D,Cochabamba,Ayopaya,Morochata,740233.332
-15.2751,-62.3507,312.4,6.6,297.8,2024-09-22,619,Aqua,9,N,Santa Cruz,Ñuflo De Chavez,Concepción,3510852.308
-14.47432,-62.24813,298.07,0.47,258.26,2024-10-24,524,N20,n,N,Santa Cruz,Ñuflo De Chavez,Concepción,3510852.308
-15.87083,-62.03581,338.18,2.83,294.95,2024-08-30,532,N,n,N,Santa Cruz,Ñuflo De Chavez,Concepción,3510852.308
-16.97879,-60.57979,321.64,1.66,293.24,2024-08-04,520,N,n,N,Santa Cruz,Velasco,San Rafael,973100.718
-17.78444,-59.01597,307.92,1.43,293.5,2024-09-01,519,N20,n,N,Santa Cruz,Angel Sandoval,San Matías,2708229.504
-13.82961,-63.13588,313.36,2.84,291.99,2024-08-18,440,N20,n,N,Beni,Itenez,Baures,1761607.494
-15.71029,-62.11201,326.18,8.12,292.96,2024-09-02,436,N,n,N,Santa Cruz,Ñuflo De Chavez,Concepción,3510852.308
-15.44653,-63.12913,342.62,4.77,302.24,2024-09-04,1811,N,n,D,Santa Cruz,Guarayos,Urubicha,1046999.667
-13.61569,-63.01931,367.0,46.42,327.24,2024-09-03,1713,N20,h,D,Beni,Itenez,Baures,1761607.494
-15.07788,-62.88184,330.58,3.73,302.38,2024-09-11,1803,N20,l,D,Santa Cruz,Guarayos,Urubicha,1046999.667
-14.63036,-62.35339,320.56,8.67,295.62,2024-10-02,512,N,n,N,Santa Cruz,Ñuflo De Chavez,Concepción,3510852.308
-12.73023,-65.5426,301.26,0.5,286.23,2024-02-06,454,N,n,N,Beni,Yacuma,Exaltacion,2497316.752
-15.65693,-62.46177,357.06,32.27,309.34,2024-09-21,1751,N,l,D,Santa Cruz,Ñuflo De Chavez,Concepción,3510852.308
-15.97123,-63.13823,325.97,3.09,279.32,2024-04-07,551,N,n,N,Santa Cruz,Guarayos,Ascención de Guarayos,867384.615
-17.56039,-59.24978,305.81,1.0,289.47,2024-08-14,532,N,n,N,Santa Cruz,Angel Sandoval,San Matías,2708229.504
-11.79288,-65.93839,332.92,3.12,297.52,2024-10-14,1745,N20,l,D,Beni,Vaca Diez,Riberalta,972562.88
-16.77057,-60.09752,308.6,2.14,284.13,2024-09-23,505,N20,n,N,Santa Cruz,Velasco,San Rafael,973100.718
-15.2868,-62.36321,322.55,2.79,294.68,2024-09-23,441,N,n,N,Santa Cruz,Ñuflo De Chavez,Concepción,3510852.308
-15.4704,-61.4854,308.73,0.95,290.94,2024-06-13,519,N20,n,N,Santa Cruz,Ñuflo De Chavez,Concepción,3510852.308
-15.71571,-64.37577,331.04,4.82,298.04,2024-09-04,602,N20,n,N,Beni,Marban,San Andrés,935478.015
-16.4727,-59.64743,352.15,11.3,306.53,2024-08-14,1648,N20,n,D,Santa Cruz,Velasco,San Rafael,973100.718
-16.20796,-63.02764,339.23,5.52,299.92,2024-08-05,1757,N20,n,D,Santa Cruz,Guarayos,El Puente,674484.183
-15.4618,-65.2014,363.7,149.6,308.2,2024-09-22,1831,Aqua,100,D,Beni,Marban,Loreto,536417.598
-16.43452,-64.09471,341.53,9.98,296.47,2024-09-05,1815,N20,n,D,Santa Cruz,Ichilo,San Juan,157797.678
-17.61128,-59.13035,333.07,3.84,304.72,2024-08-22,1713,N,l,D,Santa Cruz,Angel Sandoval,San Matías,2708229.504
-14.65994,-67.51536,330.64,4.8,287.77,2024-11-01,1823,N,n,D,La Paz,Franz Tamayo,Apolo,1396952.172
-13.6937,-63.189,332.15,6.83,290.37,2024-08-24,1841,N20,n,D,Beni,Itenez,Baures,1761607.494
-17.45183,-59.02443,354.23,52.25,303.88,2024-09-10,1821,N20,n,D,Santa Cruz,Angel Sandoval,San Matías,2708229.504
-17.4939,-58.1744,340.1,31.2,311.6,2024-08-16,1810,Aqua,87,D,Santa Cruz,Angel Sandoval,San Matías,2708229.504
-15.29129,-64.19553,332.64,2.14,300.42,2024-08-31,1746,N,n,D,Beni,Marban,San Andrés,935478.015
-17.94534,-59.07787,308.76,2.03,294.36,2024-09-21,519,N,n,N,Santa Cruz,Angel Sandoval,San Matías,2708229.504
-17.49186,-58.15695,304.53,0.96,292.32,2024-08-23,423,N,n,N,Santa Cruz,Angel Sandoval,San Matías,2708229.504
-14.63403,-65.55267,330.99,3.79,294.88,2024-10-15,1841,N,n,D,Beni,Moxos,San Ignacio,2001132.642
-15.5987,-60.6847,328.8,10.4,304.9,2024-08-21,1339,Terra,52,D,Santa Cruz,Velasco,San Ignacio de Velasco,4910231.16
-15.05048,-61.93689,310.31,3.56,277.81,2024-09-30,550,N,n,N,Santa Cruz,Ñuflo De Chavez,Concepción,3510852.308
-16.60674,-64.18309,341.25,6.27,295.82,2024-06-11,1829,N20,n,D,Santa Cruz,Ichilo,Yapacaní,951411.755
-16.40731,-62.7919,317.5,2.34,291.28,2024-07-20,501,N,n,N,Santa Cruz,Ñuflo De Chavez,San Javier,338137.628
-16.5992,-59.23806,367.0,11.46,301.12,2024-08-02,1649,N,h,D,Santa Cruz,Angel Sandoval,San Matías,2708229.504
-16.92941,-61.71637,308.58,2.09,297.21,2024-09-11,531,N20,n,N,Santa Cruz,Ñuflo De Chavez,San Antonio de Lomerio,250268.452
-16.63007,-60.23632,344.5,12.04,310.24,2024-09-07,1737,N20,n,D,Santa Cruz,Velasco,San Rafael,973100.718
-16.36822,-64.00904,313.43,1.92,295.0,2024-09-10,526,N,n,N,Santa Cruz,Sara,Santa Rosa del Sara,411372.581
-14.92109,-60.52801,296.15,0.77,271.82,2024-09-16,513,N,n,N,Santa Cruz,Velasco,San Ignacio de Velasco,4910231.16
-12.48152,-65.51314,310.45,1.84,290.55,2024-08-23,627,N20,n,N,Beni,Yacuma,Exaltacion,2497316.752
-19.5715,-62.9298,306.1,12.4,279.4,2024-05-29,204,Terra,67,N,Santa Cruz,Cordillera,Charagua,7136018.854
-16.58826,-61.56608,313.42,2.73,292.65,2024-08-30,532,N,n,N,Santa Cruz,Velasco,San Miguel de Velasco,954415.805
-16.495,-59.1454,319.4,25.4,298.2,2024-08-02,132,Terra,56,N,Santa Cruz,Angel Sandoval,San Matías,2708229.504
-14.74013,-63.54934,349.36,4.57,303.57,2024-10-12,524,N,n,N,Santa Cruz,Guarayos,Urubicha,1046999.667
-17.00294,-59.84587,342.12,6.15,293.98,2024-09-24,446,N20,n,N,Santa Cruz,Velasco,San Rafael,973100.718
-15.80393,-61.81907,343.57,11.83,296.25,2024-08-05,1757,N20,n,D,Santa Cruz,Ñuflo De Chavez,Concepción,3510852.308
-14.81915,-60.90542,344.96,6.45,282.66,2024-08-26,531,N20,n,N,Santa Cruz,Velasco,San Ignacio de Velasco,4910231.16
-15.7059,-63.1518,363.7,90.4,304.8,2024-09-05,1833,Aqua,100,D,Santa Cruz,Guarayos,Ascención de Guarayos,867384.615
-16.3691,-60.1016,312.5,11.8,290.8,2024-08-27,155,Terra,85,N,Santa Cruz,Velasco,San Ignacio de Velasco,4910231.16
-16.68036,-59.68042,312.22,1.23,292.89,2024-10-24,524,N20,n,N,Santa Cruz,Velasco,San Rafael,973100.718
-17.57416,-57.99548,352.78,18.88,307.18,2024-08-15,1809,N20,n,D,Santa Cruz,Angel Sandoval,San Matías,2708229.504
-19.09725,-64.21806,336.41,5.93,304.19,2024-11-15,1743,N20,n,D,Chuquisaca,Belisario Boeto,Villa Serrano,171318.003
-14.96846,-62.68175,313.09,1.47,295.96,2024-09-25,544,N,n,N,Santa Cruz,Ñuflo De Chavez,Concepción,3510852.308
-17.93683,-58.43289,348.73,13.19,303.04,2024-09-11,1802,N20,n,D,Santa Cruz,Angel Sandoval,San Matías,2708229.504
-16.92481,-59.09075,367.0,44.85,301.41,2024-07-23,1636,N,h,D,Santa Cruz,Angel Sandoval,San Matías,2708229.504
-17.6035,-58.17648,367.0,66.33,330.87,2024-08-22,1737,N20,l,D,Santa Cruz,Angel Sandoval,San Matías,2708229.504
-15.72839,-62.32898,316.52,2.38,295.58,2024-09-26,549,N20,n,N,Santa Cruz,Ñuflo De Chavez,Concepción,3510852.308
-17.32189,-59.31233,311.47,1.93,294.79,2024-08-03,422,N20,n,N,Santa Cruz,Angel Sandoval,San Matías,2708229.504
-15.33932,-62.19467,304.29,3.49,293.33,2024-09-07,442,N,n,N,Santa Cruz,Ñuflo De Chavez,Concepción,3510852.308
-17.2847,-59.15173,344.68,7.65,305.04,2024-08-22,1713,N,n,D,Santa Cruz,Angel Sandoval,San Matías,2708229.504
-17.0829,-58.8318,357.7,73.8,312.0,2024-07-18,1813,Aqua,98,D,Santa Cruz,Angel Sandoval,San Matías,2708229.504
-17.22129,-59.43651,304.3,1.01,287.14,2024-07-30,538,N20,n,N,Santa Cruz,Angel Sandoval,San Matías,2708229.504
-17.64913,-58.09676,367.0,90.22,308.98,2024-08-19,1653,N20,h,D,Santa Cruz,Angel Sandoval,San Matías,2708229.504
-15.0655,-63.5045,309.1,7.7,295.9,2024-10-05,149,Terra,23,N,Santa Cruz,Guarayos,Ascención de Guarayos,867384.615
-14.01088,-63.95218,339.22,12.88,302.07,2024-10-02,512,N,n,N,Beni,Itenez,Huacaraje,446422.634
-16.56831,-59.03405,338.91,5.23,291.96,2024-08-04,520,N,n,N,Santa Cruz,Angel Sandoval,San Matías,2708229.504
-17.23599,-58.98847,338.3,6.05,302.16,2024-08-18,1712,N20,n,D,Santa Cruz,Angel Sandoval,San Matías,2708229.504
-15.16914,-61.82597,335.81,4.58,297.92,2024-09-27,1739,N,n,D,Santa Cruz,Ñuflo De Chavez,Concepción,3510852.308
-15.68849,-62.79823,328.1,1.85,297.27,2024-09-10,526,N,n,N,Santa Cruz,Guarayos,Urubicha,1046999.667
-14.64936,-62.2267,346.85,5.87,301.35,2024-10-08,1756,N20,n,D,Santa Cruz,Ñuflo De Chavez,Concepción,3510852.308
-16.72425,-59.54781,339.2,6.21,307.13,2024-08-21,1733,N,n,D,Santa Cruz,Velasco,San Rafael,973100.718
-15.65668,-61.729,332.97,3.23,305.03,2024-07-03,1751,N,l,D,Santa Cruz,Ñuflo De Chavez,Concepción,3510852.308
-13.50586,-63.32686,344.5,11.71,314.76,2024-08-21,1734,N,n,D,Beni,Itenez,Baures,1761607.494
-17.30623,-59.89372,309.95,4.71,294.76,2024-09-08,604,N,n,N,Santa Cruz,Chiquitos,San Jose de Chiquitos,1912059.482
-15.32176,-61.6997,304.57,0.7,285.45,2024-10-05,556,N,n,N,Santa Cruz,Ñuflo De Chavez,Concepción,3510852.308
-17.87249,-59.53699,316.53,1.56,298.86,2024-08-22,506,N20,n,N,Santa Cruz,Chiquitos,Robore,735349.232
-15.17309,-62.42213,319.59,2.42,295.78,2024-09-21,519,N,n,N,Santa Cruz,Ñuflo De Chavez,Concepción,3510852.308
-17.31471,-59.05844,312.82,1.57,292.02,2024-09-06,525,N20,n,N,Santa Cruz,Angel Sandoval,San Matías,2708229.504
-16.96766,-59.87338,320.79,4.21,279.01,2024-09-23,442,N,n,N,Santa Cruz,Velasco,San Rafael,973100.718
-14.49863,-61.12782,326.01,2.41,297.32,2024-09-12,511,N20,n,N,Santa Cruz,Velasco,San Ignacio de Velasco,4910231.16
-15.74677,-62.89951,316.31,1.41,293.7,2024-09-06,524,N20,n,N,Santa Cruz,Guarayos,Urubicha,1046999.667
-14.10343,-64.54901,341.73,12.03,293.19,2024-09-03,440,N20,n,N,Beni,Mamore,San Ramón,1007855.847
-16.172,-60.8331,305.4,10.3,292.5,2024-02-03,539,Aqua,64,N,Santa Cruz,Velasco,San Ignacio de Velasco,4910231.16
-14.20077,-63.07917,308.37,1.65,295.03,2024-09-20,537,N,n,N,Santa Cruz,Ñuflo De Chavez,Concepción,3510852.308
-12.7595,-68.65079,339.87,14.19,291.18,2024-10-25,1738,N20,n,D,La Paz,Abel Iturralde,Ixiamas,3745288.103
-17.02658,-59.14593,339.7,6.09,296.86,2024-07-23,429,N20,n,N,Santa Cruz,Angel Sandoval,San Matías,2708229.504
-16.56306,-60.2534,344.38,4.66,302.78,2024-08-05,1733,N,n,D,Santa Cruz,Velasco,San Rafael,973100.718
-14.9783,-63.72873,322.89,4.46,292.53,2024-10-05,556,N,n,N,Santa Cruz,Guarayos,Ascención de Guarayos,867384.615
-14.34533,-63.72118,332.21,11.27,301.55,2024-09-21,1815,N20,n,D,Santa Cruz,Guarayos,Ascención de Guarayos,867384.615
-17.91429,-57.77027,349.91,4.63,304.75,2024-10-05,1711,N20,n,D,Santa Cruz,Angel Sandoval,San Matías,2708229.504
-13.02519,-66.49337,301.69,1.61,285.62,2024-08-27,511,N20,n,N,Beni,Yacuma,Exaltacion,2497316.752
-16.10544,-63.03234,352.98,10.12,309.57,2024-09-01,1726,N,n,D,Santa Cruz,Guarayos,Ascención de Guarayos,867384.615
-17.50968,-58.6097,304.9,0.92,294.38,2024-08-21,501,N,n,N,Santa Cruz,Angel Sandoval,San Matías,2708229.504
-17.72925,-59.50045,346.69,9.73,299.86,2024-09-05,1751,N,n,D,Santa Cruz,Angel Sandoval,San Matías,2708229.504
-13.11082,-67.51522,349.39,11.6,301.25,2024-10-01,1828,N20,n,D,La Paz,Abel Iturralde,Ixiamas,3745288.103
-17.35165,-59.64101,313.08,6.58,296.28,2024-09-25,544,N,n,N,Santa Cruz,Chiquitos,San Jose de Chiquitos,1912059.482
-15.64289,-62.43016,327.65,5.28,295.12,2024-09-21,543,N20,n,N,Santa Cruz,Ñuflo De Chavez,Concepción,3510852.308
-15.0638,-61.22187,331.52,10.28,300.13,2024-09-01,1727,N,n,D,Santa Cruz,Velasco,San Ignacio de Velasco,4910231.16
-16.93444,-58.79679,301.27,0.89,291.26,2024-07-25,531,N20,n,N,Santa Cruz,Angel Sandoval,San Matías,2708229.504
-15.55613,-63.44061,338.95,9.87,308.75,2024-10-02,1745,N,n,D,Santa Cruz,Guarayos,Ascención de Guarayos,867384.615
-17.3374,-59.94336,314.67,2.73,293.82,2024-09-05,520,N,n,N,Santa Cruz,Chiquitos,San Jose de Chiquitos,1912059.482
-15.26523,-62.88935,339.39,3.45,300.35,2024-08-29,1823,N,n,D,Santa Cruz,Guarayos,Urubicha,1046999.667
-15.66193,-62.99643,344.56,29.45,303.53,2024-09-11,1803,N20,n,D,Santa Cruz,Guarayos,Urubicha,1046999.667
-12.35511,-65.00601,343.97,59.18,302.35,2024-09-13,1726,N20,n,D,Beni,Mamore,Puerto Siles,207114.453
-16.92898,-59.61722,353.33,22.15,317.38,2024-09-02,1731,N20,n,D,Santa Cruz,Velasco,San Rafael,973100.718
-15.28245,-61.60187,354.33,13.88,306.8,2024-09-11,1739,N,n,D,Santa Cruz,Ñuflo De Chavez,Concepción,3510852.308
-17.77214,-59.54449,367.0,10.69,307.63,2024-07-23,1816,N,h,D,Santa Cruz,Chiquitos,Robore,735349.232
-15.16863,-62.39265,311.04,3.55,297.33,2024-09-22,500,N,n,N,Santa Cruz,Ñuflo De Chavez,Concepción,3510852.308
-14.01932,-67.29606,341.15,5.85,303.35,2024-10-16,1823,N,n,D,Beni,General Jose Ballivi,Reyes,1264166.592
-16.95053,-63.80673,313.38,3.36,290.67,2024-11-11,447,N20,n,N,Santa Cruz,Sara,Santa Rosa del Sara,411372.581
-15.42897,-61.70756,306.62,1.83,294.97,2024-10-02,512,N,n,N,Santa Cruz,Ñuflo De Chavez,Concepción,3510852.308
-17.5576,-60.2574,306.6,10.9,288.5,2024-06-26,551,Aqua,69,N,Santa Cruz,Chiquitos,San Jose de Chiquitos,1912059.482
-16.75174,-60.32666,303.36,0.75,292.87,2024-08-31,537,N20,n,N,Santa Cruz,Velasco,San Rafael,973100.718
-13.43157,-61.93968,337.0,13.72,305.85,2024-07-31,1751,N20,n,D,Beni,Itenez,Baures,1761607.494
-13.73258,-67.19901,334.7,5.44,294.64,2024-10-11,608,N20,n,N,Beni,General Jose Ballivi,Reyes,1264166.592
-15.9519,-61.89,431.2,509.3,306.2,2024-07-19,158,Terra,100,N,Santa Cruz,Ñuflo De Chavez,Concepción,3510852.308
-14.94912,-64.83932,340.6,12.49,303.79,2024-08-27,1744,N20,n,D,Beni,Cercado,Trinidad,253852.066
-15.38394,-62.26717,319.07,2.94,296.95,2024-09-22,500,N,n,N,Santa Cruz,Ñuflo De Chavez,Concepción,3510852.308
-16.69679,-58.94717,355.87,17.92,312.49,2024-08-05,1732,N,n,D,Santa Cruz,Angel Sandoval,San Matías,2708229.504
-13.51564,-64.1048,345.39,14.27,313.42,2024-08-05,1734,N,n,D,Beni,Itenez,Huacaraje,446422.634
-15.95051,-64.45182,322.95,2.89,294.46,2024-09-12,512,N20,n,N,Santa Cruz,Guarayos,El Puente,674484.183
-21.39594,-64.82317,367.0,56.69,325.64,2024-08-05,1756,N20,l,D,Tarija,Mendez,Villa San Lorenzo,196944.439
-13.59513,-67.76514,334.12,12.29,303.35,2024-09-21,1816,N20,n,D,La Paz,Abel Iturralde,Ixiamas,3745288.103
-15.56593,-61.27879,348.93,4.38,304.66,2024-08-20,1752,N,n,D,Santa Cruz,Velasco,San Ignacio de Velasco,4910231.16
-16.49593,-60.70684,301.68,0.84,282.77,2024-08-26,507,N,n,N,Santa Cruz,Velasco,San Ignacio de Velasco,4910231.16
-17.73368,-59.75155,335.37,3.07,298.4,2024-08-17,1731,N20,n,D,Santa Cruz,Chiquitos,San Jose de Chiquitos,1912059.482
-13.99458,-64.12798,317.56,2.83,295.3,2024-10-12,524,N,n,N,Beni,Itenez,Huacaraje,446422.634
-16.58919,-60.39841,353.22,13.22,315.32,2024-08-06,1738,N20,n,D,Santa Cruz,Velasco,San Rafael,973100.718
-15.70159,-61.11198,322.08,3.06,294.64,2024-08-15,513,N,n,N,Santa Cruz,Velasco,San Ignacio de Velasco,4910231.16
-14.33432,-63.03864,340.61,19.89,298.12,2024-09-21,1815,N20,n,D,Santa Cruz,Guarayos,Urubicha,1046999.667
-13.50941,-63.25222,367.0,19.98,308.24,2024-08-25,1759,N,h,D,Beni,Itenez,Baures,1761607.494
-13.44323,-63.48962,350.61,8.51,299.69,2024-10-01,1828,N20,n,D,Beni,Itenez,Magdalena,1363449.184
-15.85963,-61.06663,354.64,20.7,297.42,2024-08-30,1647,N20,n,D,Santa Cruz,Velasco,San Ignacio de Velasco,4910231.16
-17.74238,-58.09282,349.85,7.72,310.56,2024-08-31,1745,N,n,D,Santa Cruz,Angel Sandoval,San Matías,2708229.504
-17.32974,-59.01411,323.72,4.3,298.42,2024-08-29,435,N20,n,N,Santa Cruz,Angel Sandoval,San Matías,2708229.504
-13.64944,-67.68642,333.35,8.56,301.74,2024-10-13,1803,N20,n,D,La Paz,Abel Iturralde,Ixiamas,3745288.103
-14.85024,-60.89967,347.68,11.2,285.96,2024-08-26,507,N,n,N,Santa Cruz,Velasco,San Ignacio de Velasco,4910231.16
-14.5354,-67.1656,320.5,10.3,304.0,2024-09-20,1849,Aqua,67,D,Beni,General Jose Ballivi,Rurrenabaque,252868.155
-14.77402,-61.66364,337.1,5.57,297.23,2024-09-25,1816,N,n,D,Santa Cruz,Ñuflo De Chavez,Concepción,3510852.308
-18.15462,-58.32684,335.85,6.52,294.63,2024-10-07,1814,N20,n,D,Santa Cruz,German Busch,Carmen Rivero Torrez,1101079.142
-17.50753,-58.61564,350.61,22.38,315.83,2024-08-20,1751,N,n,D,Santa Cruz,Angel Sandoval,San Matías,2708229.504
-15.58578,-61.19912,320.47,1.43,293.31,2024-08-15,513,N,n,N,Santa Cruz,Velasco,San Ignacio de Velasco,4910231.16
-15.09276,-63.56355,337.03,6.74,295.48,2024-10-31,1725,N20,n,D,Santa Cruz,Guarayos,Ascención de Guarayos,867384.615
-15.09018,-60.6682,304.94,1.42,285.87,2024-08-25,549,N20,n,N,Santa Cruz,Velasco,San Ignacio de Velasco,4910231.16
-17.2214,-60.2264,314.7,94.8,290.1,2024-06-28,235,Terra,90,N,Santa Cruz,Chiquitos,San Jose de Chiquitos,1912059.482
-13.13271,-65.55576,325.76,4.57,298.98,2024-08-03,538,N,n,N,Beni,Yacuma,Exaltacion,2497316.752
-14.6572,-60.96669,309.45,3.77,296.33,2024-09-10,549,N20,n,N,Santa Cruz,Velasco,San Ignacio de Velasco,4910231.16
-14.40477,-68.54763,331.42,3.18,285.52,2024-12-02,1842,N,n,D,La Paz,Franz Tamayo,Apolo,1396952.172
-15.46947,-62.50998,307.71,2.17,295.32,2024-09-04,538,N,n,N,Santa Cruz,Ñuflo De Chavez,Concepción,3510852.308
-15.68914,-62.88176,302.2,1.14,281.33,2024-09-27,530,N20,n,N,Santa Cruz,Guarayos,Urubicha,1046999.667
-14.12259,-65.34863,339.37,6.43,295.26,2024-04-26,1727,N,n,D,Beni,Yacuma,Santa Ana de Yacuma,2009278.188
-15.76357,-63.29117,333.71,24.32,302.01,2024-07-20,501,N,n,N,Santa Cruz,Guarayos,Ascención de Guarayos,867384.615
-17.65743,-59.70795,335.61,2.67,293.98,2024-09-02,436,N,n,N,Santa Cruz,Chiquitos,San Jose de Chiquitos,1912059.482
-12.73934,-65.56592,316.76,1.37,285.73,2024-09-30,549,N,n,N,Beni,Yacuma,Exaltacion,2497316.752
-15.97138,-60.80809,305.32,0.63,290.41,2024-06-28,513,N,n,N,Santa Cruz,Velasco,San Ignacio de Velasco,4910231.16
-13.9679,-64.05781,326.12,2.26,296.02,2024-08-15,537,N20,n,N,Beni,Itenez,Huacaraje,446422.634
-15.32374,-63.3501,305.7,2.11,295.54,2024-08-30,532,N,n,N,Santa Cruz,Guarayos,Ascención de Guarayos,867384.615
-16.35888,-59.8352,314.02,3.45,287.37,2024-08-13,551,N,n,N,Santa Cruz,Velasco,San Ignacio de Velasco,4910231.16
-15.77316,-61.064,332.86,5.42,302.79,2024-08-06,1714,N,n,D,Santa Cruz,Velasco,San Ignacio de Velasco,4910231.16
-17.05334,-59.59082,353.69,32.64,306.63,2024-09-08,1654,N,n,D,Santa Cruz,Chiquitos,San Jose de Chiquitos,1912059.482
-12.7271,-67.6503,303.9,5.3,286.7,2024-10-01,225,Terra,58,N,La Paz,Abel Iturralde,Ixiamas,3745288.103
-15.37214,-62.84325,322.69,2.64,293.26,2024-08-21,525,N20,n,N,Santa Cruz,Guarayos,Urubicha,1046999.667
-18.516,-62.3962,324.3,28.5,297.9,2024-01-10,230,Terra,100,N,Santa Cruz,Cordillera,Charagua,7136018.854
-14.59424,-62.40517,349.81,22.15,288.36,2024-09-30,1822,N,n,D,Santa Cruz,Ñuflo De Chavez,Concepción,3510852.308
-16.64434,-60.27844,350.35,10.31,306.09,2024-09-21,1751,N,n,D,Santa Cruz,Velasco,San Rafael,973100.718
-14.80226,-61.04314,348.63,6.49,304.82,2024-08-27,1744,N20,n,D,Santa Cruz,Velasco,San Ignacio de Velasco,4910231.16
-15.75492,-62.4734,313.09,2.85,297.78,2024-09-23,441,N,n,N,Santa Cruz,Ñuflo De Chavez,Concepción,3510852.308
-15.1489,-63.73082,309.87,1.25,293.98,2024-08-16,518,N20,n,N,Santa Cruz,Guarayos,Ascención de Guarayos,867384.615
-16.50317,-60.28843,321.54,2.03,294.22,2024-09-05,543,N20,n,N,Santa Cruz,Velasco,San Ignacio de Velasco,4910231.16
-17.74123,-58.15755,340.88,3.78,306.97,2024-08-29,1706,N20,n,D,Santa Cruz,Angel Sandoval,San Matías,2708229.504
-15.7653,-62.9145,405.7,287.9,316.4,2024-09-05,1833,Aqua,100,D,Santa Cruz,Guarayos,Urubicha,1046999.667
-14.95869,-63.42634,334.38,6.05,298.36,2024-10-02,1809,N20,n,D,Santa Cruz,Guarayos,Urubicha,1046999.667
-17.15575,-60.4302,334.49,4.19,309.05,2024-07-19,1751,N,l,D,Santa Cruz,Velasco,San Rafael,973100.718
-16.14193,-61.90265,299.0,0.89,287.96,2024-07-24,550,N20,n,N,Santa Cruz,Ñuflo De Chavez,Concepción,3510852.308
-17.85098,-57.84528,367.0,15.93,308.73,2024-09-11,1738,N,h,D,Santa Cruz,Angel Sandoval,San Matías,2708229.504
-18.48769,-58.44912,330.5,10.37,293.66,2024-02-14,1726,N20,l,D,Santa Cruz,German Busch,Carmen Rivero Torrez,1101079.142
-15.17928,-63.1174,328.51,3.7,297.37,2024-08-31,513,N,n,N,Santa Cruz,Guarayos,Urubicha,1046999.667
-15.87184,-60.84985,304.66,1.23,291.24,2024-08-02,557,N,n,N,Santa Cruz,Velasco,San Ignacio de Velasco,4910231.16
-13.59413,-63.74736,353.86,5.6,304.93,2024-07-02,1811,N,n,D,Beni,Itenez,Baures,1761607.494
-16.99175,-65.6161,330.85,3.73,299.49,2024-08-15,1809,N20,n,D,Cochabamba,Chapare,Villa Tunari,1456095.378
-11.09295,-66.10284,304.24,0.69,289.89,2024-07-25,530,N20,n,N,Beni,Vaca Diez,Riberalta,972562.88
-14.985,-61.322,316.5,13.2,290.7,2024-08-27,155,Terra,17,N,Santa Cruz,Velasco,San Ignacio de Velasco,4910231.16
-12.32619,-65.90483,345.28,13.87,300.45,2024-09-10,1822,N20,n,D,Beni,Yacuma,Exaltacion,2497316.752
-14.89552,-63.07681,334.01,3.01,305.11,2024-09-21,1751,N,l,D,Santa Cruz,Guarayos,Urubicha,1046999.667
-15.69765,-62.48433,308.01,2.08,294.56,2024-09-24,603,N,n,N,Santa Cruz,Ñuflo De Chavez,Concepción,3510852.308
-16.01756,-61.7488,330.15,1.71,301.47,2024-09-09,1816,N,l,D,Santa Cruz,Ñuflo De Chavez,Concepción,3510852.308
-15.75905,-61.30932,326.52,2.16,292.42,2024-08-20,519,N,n,N,Santa Cruz,Velasco,San Ignacio de Velasco,4910231.16
-15.57548,-62.50575,337.37,7.78,294.81,2024-09-13,1725,N20,n,D,Santa Cruz,Ñuflo De Chavez,Concepción,3510852.308
-12.78733,-65.729,302.56,1.71,290.59,2024-06-27,531,N,n,N,Beni,Yacuma,Exaltacion,2497316.752
-15.70005,-62.57188,345.67,3.45,299.9,2024-09-10,526,N,n,N,Santa Cruz,Ñuflo De Chavez,Concepción,3510852.308
-13.72328,-64.02778,346.43,7.74,302.64,2024-09-20,1811,N,n,D,Beni,Itenez,Huacaraje,446422.634
-17.42242,-60.71318,316.58,2.4,265.26,2024-03-13,430,N20,n,N,Santa Cruz,Chiquitos,San Jose de Chiquitos,1912059.482
-15.80307,-61.17508,347.65,7.73,301.45,2024-08-22,1714,N,n,D,Santa Cruz,Velasco,San Ignacio de Velasco,4910231.16
-16.87491,-59.34383,339.08,20.22,303.11,2024-08-05,1757,N20,n,D,Santa Cruz,Angel Sandoval,San Matías,2708229.504
-14.29769,-61.72532,352.01,27.01,291.98,2024-10-01,1828,N20,n,D,Santa Cruz,Velasco,San Ignacio de Velasco,4910231.16
-15.40431,-68.57754,367.0,37.29,300.44,2024-10-13,1738,N,h,D,La Paz,Larecaja,Tacacoma,82690.245
-16.8847,-59.9332,317.7,50.2,296.5,2024-09-22,118,Terra,95,N,Santa Cruz,Velasco,San Rafael,973100.718
-17.35291,-60.44831,325.16,4.05,295.72,2024-08-03,539,N,n,N,Santa Cruz,Chiquitos,San Jose de Chiquitos,1912059.482
-14.98445,-63.77399,306.04,4.74,291.39,2024-10-06,601,N20,n,N,Santa Cruz,Guarayos,Ascención de Guarayos,867384.615
-16.42146,-60.21129,338.34,10.19,300.68,2024-08-22,1714,N,n,D,Santa Cruz,Velasco,San Ignacio de Velasco,4910231.16
-17.56376,-58.60059,312.42,5.13,297.65,2024-09-08,447,N20,n,N,Santa Cruz,Angel Sandoval,San Matías,2708229.504
-15.9454,-61.1035,366.3,142.8,313.6,2024-09-07,1816,Aqua,100,D,Santa Cruz,Velasco,San Ignacio de Velasco,4910231.16
-16.08779,-61.61806,303.68,2.58,292.84,2024-09-09,608,N20,n,N,Santa Cruz,Velasco,San Ignacio de Velasco,4910231.16
-13.51068,-64.09005,367.0,102.77,334.42,2024-08-05,1758,N20,l,D,Beni,Itenez,Huacaraje,446422.634
-16.168,-64.8789,328.0,21.3,302.5,2024-09-03,1851,Aqua,80,D,Cochabamba,Chapare,Villa Tunari,1456095.378
-16.80379,-59.17327,304.69,1.47,293.42,2024-08-05,501,N,n,N,Santa Cruz,Angel Sandoval,San Matías,2708229.504
-17.33926,-58.75638,307.2,3.76,291.97,2024-08-30,416,N20,n,N,Santa Cruz,Angel Sandoval,San Matías,2708229.504
-17.80846,-59.2058,305.4,1.63,294.77,2024-09-09,545,N,n,N,Santa Cruz,Angel Sandoval,San Matías,2708229.504
-15.75019,-62.32486,350.07,6.36,300.64,2024-10-06,1809,N,n,D,Santa Cruz,Ñuflo De Chavez,Concepción,3510852.308
-15.56118,-63.40685,336.88,3.82,305.69,2024-08-14,1828,N20,n,D,Santa Cruz,Guarayos,Ascención de Guarayos,867384.615
-12.79484,-63.83808,340.2,24.95,299.52,2024-10-23,1752,N,n,D,Beni,Itenez,Magdalena,1363449.184
-15.01559,-64.46101,336.56,6.06,303.55,2024-08-21,1757,N20,n,D,Beni,Marban,San Andrés,935478.015
-16.04491,-62.6824,345.03,15.35,297.57,2024-09-05,1815,N20,n,D,Santa Cruz,Ñuflo De Chavez,San Javier,338137.628
-15.76551,-63.49707,331.83,3.78,303.52,2024-09-06,1757,N20,l,D,Beni,Marban,San Andrés,935478.015
-14.6857,-68.2628,342.5,86.2,302.2,2024-09-10,1839,Aqua,91,D,La Paz,Franz Tamayo,Apolo,1396952.172
-17.58615,-59.29123,334.18,6.97,296.44,2024-08-28,454,N20,n,N,Santa Cruz,Angel Sandoval,San Matías,2708229.504
-12.92851,-65.72173,353.05,22.81,296.19,2024-10-05,1713,N20,n,D,Beni,Yacuma,Exaltacion,2497316.752
-15.26953,-62.69246,317.7,2.37,297.2,2024-09-04,538,N,n,N,Santa Cruz,Ñuflo De Chavez,Concepción,3510852.308
-15.66878,-63.01742,367.0,46.16,307.05,2024-09-22,1732,N,h,D,Santa Cruz,Guarayos,Urubicha,1046999.667
-16.80426,-59.82301,330.95,1.86,300.01,2024-09-11,507,N,n,N,Santa Cruz,Velasco,San Rafael,973100.718
-16.71879,-59.95997,315.23,3.09,294.84,2024-09-08,603,N,n,N,Santa Cruz,Velasco,San Rafael,973100.718
-16.14497,-62.93793,353.41,14.96,300.83,2024-09-25,1816,N,n,D,Santa Cruz,Guarayos,El Puente,674484.183
-11.50723,-68.85181,341.4,10.47,296.72,2024-10-18,1810,N20,n,D,Pando,Manuripi,Filadelfia,1188576.23
-14.46839,-63.85536,345.39,9.65,289.95,2024-10-10,1835,N,n,D,Beni,Cercado,San Javier,817332.335
-17.7061,-58.39149,304.67,1.68,293.26,2024-09-03,557,N,n,N,Santa Cruz,Angel Sandoval,San Matías,2708229.504
-16.46241,-61.73561,306.2,0.7,280.66,2024-09-08,603,N,n,N,Santa Cruz,Ñuflo De Chavez,Concepción,3510852.308
-16.67436,-59.27518,326.26,3.75,297.18,2024-08-05,501,N,n,N,Santa Cruz,Angel Sandoval,San Matías,2708229.504
-17.5626,-60.3444,312.6,12.1,292.0,2024-06-07,602,Aqua,85,N,Santa Cruz,Chiquitos,San Jose de Chiquitos,1912059.482
-16.55073,-59.14428,311.46,2.53,294.86,2024-08-02,441,N20,n,N,Santa Cruz,Angel Sandoval,San Matías,2708229.504
-12.24898,-65.59618,334.14,5.18,288.14,2024-06-03,1740,N20,n,D,Beni,Yacuma,Exaltacion,2497316.752
-17.73127,-59.02747,350.94,5.73,308.9,2024-08-28,1725,N20,n,D,Santa Cruz,Angel Sandoval,San Matías,2708229.504
-17.49779,-59.72341,349.97,8.03,304.44,2024-09-11,1738,N,n,D,Santa Cruz,Chiquitos,San Jose de Chiquitos,1912059.482
-16.35414,-61.68187,305.07,1.01,292.63,2024-09-30,550,N,n,N,Santa Cruz,Ñuflo De Chavez,Concepción,3510852.308
-15.44711,-65.6808,367.0,37.21,302.8,2024-10-05,1828,N,h,D,Beni,Moxos,San Ignacio,2001132.642
-18.00582,-59.43956,331.9,3.69,297.41,2024-10-09,506,N20,n,N,Santa Cruz,Angel Sandoval,San Matías,2708229.504
-12.8756,-67.3041,359.5,219.5,296.7,2024-09-01,1427,Terra,99,D,La Paz,Abel Iturralde,Ixiamas,3745288.103
-14.49829,-62.27054,309.0,1.42,295.39,2024-10-12,524,N,n,N,Santa Cruz,Ñuflo De Chavez,Concepción,3510852.308
-15.23813,-61.58124,310.78,6.41,296.26,2024-09-12,448,N,n,N,Santa Cruz,Ñuflo De Chavez,Concepción,3510852.308
-15.40836,-61.41698,356.11,11.94,310.97,2024-09-02,1732,N20,n,D,Santa Cruz,Velasco,San Ignacio de Velasco,4910231.16
-15.57084,-62.40121,333.53,5.3,297.4,2024-09-22,524,N20,n,N,Santa Cruz,Ñuflo De Chavez,Concepción,3510852.308
-13.7287,-63.1844,314.3,20.1,292.5,2024-08-21,605,Aqua,89,N,Beni,Itenez,Baures,1761607.494
-18.37421,-57.6755,339.11,8.45,312.42,2024-08-21,1732,N,n,D,Santa Cruz,German Busch,Puerto Quijarro,145026.251
-13.27465,-63.1049,353.17,5.57,289.25,2024-08-25,1823,N20,n,D,Beni,Itenez,Magdalena,1363449.184
-16.07595,-65.29993,346.98,11.3,302.57,2024-10-23,1751,N,n,D,Cochabamba,Chapare,Villa Tunari,1456095.378
-16.00161,-63.75937,345.08,7.07,303.06,2024-06-02,1758,N20,n,D,Santa Cruz,Guarayos,El Puente,674484.183
-16.03405,-61.68069,307.88,0.79,293.49,2024-08-02,557,N,n,N,Santa Cruz,Ñuflo De Chavez,Concepción,3510852.308
-15.56822,-64.13715,309.5,2.67,292.7,2024-09-25,608,N20,n,N,Beni,Marban,San Andrés,935478.015
-15.92944,-61.07829,307.67,1.54,294.69,2024-09-05,519,N,n,N,Santa Cruz,Velasco,San Ignacio de Velasco,4910231.16
-14.8208,-62.3031,314.5,18.5,295.9,2024-09-24,601,Aqua,66,N,Santa Cruz,Ñuflo De Chavez,Concepción,3510852.308
-15.52767,-65.45183,344.65,3.95,297.75,2024-10-06,1834,N20,n,D,Beni,Moxos,San Ignacio,2001132.642
-16.81007,-59.54268,338.13,2.42,306.87,2024-08-22,1738,N20,n,D,Santa Cruz,Velasco,San Rafael,973100.718
-15.39763,-60.83483,333.8,3.96,308.02,2024-09-02,1708,N,l,D,Santa Cruz,Velasco,San Ignacio de Velasco,4910231.16
-13.01852,-66.23874,351.41,19.97,297.68,2024-08-25,1823,N20,n,D,Beni,Yacuma,Exaltacion,2497316.752
-16.38947,-64.31887,335.12,6.12,295.89,2024-08-27,1720,N,n,D,Santa Cruz,Ichilo,Yapacaní,951411.755
-17.07741,-59.42775,347.77,18.01,301.62,2024-08-29,1822,N,n,D,Santa Cruz,Angel Sandoval,San Matías,2708229.504
-15.69724,-62.28716,318.24,1.34,283.95,2024-10-01,531,N,n,N,Santa Cruz,Ñuflo De Chavez,Concepción,3510852.308
-18.31902,-57.71952,320.6,1.73,297.45,2024-09-09,428,N20,n,N,Santa Cruz,German Busch,Puerto Quijarro,145026.251
-17.19802,-60.19692,317.99,2.38,295.24,2024-10-02,537,N20,n,N,Santa Cruz,Chiquitos,San Jose de Chiquitos,1912059.482
-15.71285,-61.26324,339.22,6.48,299.65,2024-08-20,1752,N,n,D,Santa Cruz,Velasco,San Ignacio de Velasco,4910231.16
-13.6166,-63.31207,317.18,1.95,293.97,2024-09-05,543,N20,n,N,Beni,Itenez,Baures,1761607.494
-12.2204,-66.0118,320.2,10.6,296.2,2024-10-07,1358,Terra,61,D,Beni,Yacuma,Exaltacion,2497316.752
-16.42477,-59.05322,367.0,17.87,299.01,2024-08-20,1815,N20,h,D,Santa Cruz,Angel Sandoval,San Matías,2708229.504
-21.14523,-63.24345,321.92,2.11,294.6,2024-01-06,527,N20,n,N,Tarija,Gran Chaco,Villamontes,1178412.511
-14.69898,-62.19518,342.62,8.32,292.21,2024-10-04,1707,N,n,D,Santa Cruz,Ñuflo De Chavez,Concepción,3510852.308
-15.87163,-61.27577,316.08,5.77,297.47,2024-09-11,530,N20,n,N,Santa Cruz,Velasco,San Ignacio de Velasco,4910231.16
-13.2031,-64.1318,313.5,13.8,276.7,2024-09-06,204,Terra,86,N,Beni,Itenez,Magdalena,1363449.184
-19.6145,-63.1332,304.0,6.0,289.1,2024-01-13,556,Aqua,58,N,Santa Cruz,Cordillera,Charagua,7136018.854
-15.35262,-62.804,305.09,1.5,293.66,2024-08-15,513,N,n,N,Santa Cruz,Ñuflo De Chavez,Concepción,3510852.308
-18.0922,-57.80054,313.48,2.18,295.98,2024-09-19,440,N20,n,N,Santa Cruz,German Busch,Puerto Suarez,1298155.148
-17.81131,-58.27931,313.72,2.87,294.88,2024-09-11,531,N20,n,N,Santa Cruz,Angel Sandoval,San Matías,2708229.504
-16.42703,-61.59145,318.56,2.35,294.65,2024-08-21,501,N,n,N,Santa Cruz,Velasco,San Miguel de Velasco,954415.805
-14.07454,-63.96696,346.44,14.89,306.68,2024-10-08,1757,N20,n,D,Beni,Itenez,Huacaraje,446422.634
-16.98613,-59.49582,320.09,2.62,294.45,2024-09-02,500,N20,n,N,Santa Cruz,Angel Sandoval,San Matías,2708229.504
-12.44943,-65.49838,309.78,4.7,293.37,2024-08-23,603,N,n,N,Beni,Yacuma,Exaltacion,2497316.752
-13.13167,-65.06451,350.79,18.56,305.94,2024-08-14,1805,N,n,D,Beni,Mamore,San Joaquín,869243.103
-15.26559,-62.42046,315.05,1.93,298.45,2024-09-22,524,N20,n,N,Santa Cruz,Ñuflo De Chavez,Concepción,3510852.308
-13.50195,-63.27602,351.69,20.84,294.88,2024-08-25,1822,N20,n,D,Beni,Itenez,Baures,1761607.494
-15.65993,-61.26636,337.24,10.38,302.82,2024-08-06,1714,N,n,D,Santa Cruz,Velasco,San Ignacio de Velasco,4910231.16
-17.88641,-58.94121,355.51,10.46,303.2,2024-09-10,1821,N20,n,D,Santa Cruz,Angel Sandoval,San Matías,2708229.504
-13.08614,-65.73563,344.38,8.05,297.58,2024-10-15,1726,N20,n,D,Beni,Yacuma,Exaltacion,2497316.752
-12.0344,-66.5891,339.4,301.9,287.1,2024-10-16,1813,Aqua,90,D,Beni,General Jose Ballivi,Santa Rosa,1210566.888
-17.3448,-59.82444,311.33,1.47,292.82,2024-10-02,537,N20,n,N,Santa Cruz,Chiquitos,San Jose de Chiquitos,1912059.482
-13.94434,-63.35313,356.18,36.56,295.7,2024-10-01,1828,N20,n,D,Beni,Itenez,Baures,1761607.494
-16.5611,-61.64003,336.62,4.56,297.22,2024-09-07,506,N20,n,N,Santa Cruz,Velasco,San Miguel de Velasco,954415.805
-14.69505,-61.5127,321.39,2.91,291.25,2024-09-28,511,N20,n,N,Santa Cruz,Velasco,San Ignacio de Velasco,4910231.16
-17.18968,-60.29089,330.18,6.09,296.86,2024-09-08,447,N20,n,N,Santa Cruz,Chiquitos,San Jose de Chiquitos,1912059.482
-14.67066,-66.41128,343.0,8.31,299.68,2024-07-25,1804,N20,n,D,Beni,General Jose Ballivi,San Borja,1348856.721
-17.10601,-59.67054,317.59,2.18,295.44,2024-09-22,500,N,n,N,Santa Cruz,Chiquitos,San Jose de Chiquitos,1912059.482
-17.69222,-59.46066,309.49,0.91,296.18,2024-08-31,514,N,n,N,Santa Cruz,Angel Sandoval,San Matías,2708229.504
-14.70813,-60.75314,355.12,10.06,303.3,2024-09-22,523,N20,n,N,Santa Cruz,Velasco,San Ignacio de Velasco,4910231.16
-16.57065,-60.31078,335.59,5.88,304.31,2024-08-31,1809,N20,n,D,Santa Cruz,Velasco,San Rafael,973100.718
-17.45481,-59.22348,352.8,22.11,311.44,2024-08-06,1713,N,n,D,Santa Cruz,Angel Sandoval,San Matías,2708229.504
-17.69915,-59.60672,340.15,5.52,307.43,2024-09-02,1707,N,n,D,Santa Cruz,Chiquitos,Robore,735349.232
-16.02563,-61.8911,300.46,1.74,289.64,2024-08-16,518,N20,n,N,Santa Cruz,Ñuflo De Chavez,Concepción,3510852.308
-15.12227,-60.80865,355.08,13.67,315.13,2024-08-21,1733,N,n,D,Santa Cruz,Velasco,San Ignacio de Velasco,4910231.16
-15.43545,-63.23347,304.55,0.62,291.1,2024-09-06,524,N20,n,N,Santa Cruz,Guarayos,Urubicha,1046999.667
-14.07174,-65.10866,306.25,5.88,288.52,2024-07-30,513,N,n,N,Beni,Yacuma,Santa Ana de Yacuma,2009278.188
-15.02663,-61.59489,343.56,3.66,298.17,2024-08-26,1739,N,n,D,Santa Cruz,Ñuflo De Chavez,Concepción,3510852.308
-12.68217,-68.13612,356.06,12.03,301.44,2024-08-16,1728,N,n,D,La Paz,Abel Iturralde,Ixiamas,3745288.103
-17.93934,-57.78278,311.34,1.67,294.26,2024-09-29,453,N20,n,N,Santa Cruz,Angel Sandoval,San Matías,2708229.504
-17.42584,-60.68937,351.78,30.15,299.16,2024-03-08,1745,N,n,D,Santa Cruz,Chiquitos,San Jose de Chiquitos,1912059.482
-18.16956,-61.96156,335.93,4.29,301.6,2024-08-22,1737,N20,n,D,Santa Cruz,Cordillera,Charagua,7136018.854
-17.33819,-59.72427,332.66,2.7,298.44,2024-09-23,505,N20,n,N,Santa Cruz,Chiquitos,San Jose de Chiquitos,1912059.482
-11.87567,-65.48421,339.2,16.27,306.25,2024-08-14,1806,N,n,D,Beni,Vaca Diez,Guayaramerín,650218.903
-11.39121,-66.08858,313.82,1.15,294.45,2024-09-21,542,N20,n,N,Beni,Vaca Diez,Riberalta,972562.88
-16.93177,-59.53046,321.32,2.62,296.83,2024-08-31,513,N,n,N,Santa Cruz,Velasco,San Rafael,973100.718
-11.30093,-67.14807,335.04,7.86,303.62,2024-10-06,1811,N,n,D,Pando,Manuripi,Puerto Rico,531966.648
-16.0725,-61.73203,319.69,2.27,295.02,2024-09-11,530,N20,n,N,Santa Cruz,Ñuflo De Chavez,Concepción,3510852.308
-15.98356,-61.82857,306.5,2.3,292.6,2024-09-09,428,N20,n,N,Santa Cruz,Ñuflo De Chavez,Concepción,3510852.308
-15.85004,-62.2746,306.97,1.04,291.09,2024-09-17,518,N20,n,N,Santa Cruz,Ñuflo De Chavez,Concepción,3510852.308
-17.86258,-57.79601,338.93,20.2,297.49,2024-09-24,1654,N,n,D,Santa Cruz,Angel Sandoval,San Matías,2708229.504
-14.82869,-61.58661,347.53,7.1,293.35,2024-09-17,454,N,n,N,Santa Cruz,Ñuflo De Chavez,Concepción,3510852.308
-17.79289,-59.45406,323.46,2.44,295.13,2024-08-29,551,N,n,N,Santa Cruz,Angel Sandoval,San Matías,2708229.504
-13.56428,-63.24782,348.05,5.36,303.63,2024-08-26,1740,N,n,D,Beni,Itenez,Baures,1761607.494
-16.19361,-64.85138,330.31,7.7,291.34,2024-10-04,1847,N,n,D,Cochabamba,Carrasco,Chimore,273975.4
-17.8743,-58.82992,348.15,13.83,300.27,2024-10-08,1755,N20,n,D,Santa Cruz,Angel Sandoval,San Matías,2708229.504
-15.01716,-63.4691,338.68,6.72,294.06,2024-09-22,524,N20,n,N,Santa Cruz,Guarayos,Urubicha,1046999.667
-17.78152,-58.44685,308.29,2.0,293.8,2024-09-01,455,N,n,N,Santa Cruz,Angel Sandoval,San Matías,2708229.504
-15.57534,-62.44093,345.09,133.3,301.36,2024-09-19,1712,N20,n,D,Santa Cruz,Ñuflo De Chavez,Concepción,3510852.308
-15.29254,-62.62217,318.99,4.39,293.59,2024-09-02,435,N,n,N,Santa Cruz,Ñuflo De Chavez,Concepción,3510852.308
-13.77715,-66.8828,354.32,7.35,289.4,2024-12-21,536,N20,n,N,Beni,General Jose Ballivi,Santa Rosa,1210566.888
-14.9036,-60.89074,309.65,1.87,284.32,2024-08-26,531,N20,n,N,Santa Cruz,Velasco,San Ignacio de Velasco,4910231.16
-15.10494,-60.75985,348.27,14.56,312.56,2024-08-15,1746,N,n,D,Santa Cruz,Velasco,San Ignacio de Velasco,4910231.16
-16.52401,-59.15944,309.06,5.4,295.08,2024-08-02,441,N20,n,N,Santa Cruz,Angel Sandoval,San Matías,2708229.504
-16.57136,-59.66667,331.84,3.62,296.4,2024-08-23,1719,N20,n,D,Santa Cruz,Velasco,San Rafael,973100.718
-16.73859,-62.94773,343.1,3.43,303.88,2024-10-08,1756,N20,n,D,Santa Cruz,Ñuflo De Chavez,San Julián,572581.324
-15.02996,-63.00726,319.39,14.89,293.69,2024-09-06,524,N20,n,N,Santa Cruz,Guarayos,Urubicha,1046999.667
-17.03974,-59.66734,349.79,5.99,302.8,2024-09-11,507,N,n,N,Santa Cruz,Velasco,San Rafael,973100.718
-15.0978,-62.0871,353.6,178.6,300.1,2024-09-26,220,Terra,100,N,Santa Cruz,Ñuflo De Chavez,Concepción,3510852.308
-16.73461,-59.80486,324.99,3.47,290.85,2024-06-05,429,N20,n,N,Santa Cruz,Velasco,San Rafael,973100.718
-17.728,-58.14554,341.32,15.33,309.71,2024-08-31,1745,N,n,D,Santa Cruz,Angel Sandoval,San Matías,2708229.504
-15.49119,-61.30462,344.57,8.3,304.94,2024-08-14,1804,N,n,D,Santa Cruz,Velasco,San Ignacio de Velasco,4910231.16
-16.34803,-59.61734,336.66,5.33,298.77,2024-07-06,1719,N20,n,D,Santa Cruz,Velasco,San Ignacio de Velasco,4910231.16
-14.56843,-61.21819,349.14,10.26,303.04,2024-10-08,1756,N20,n,D,Santa Cruz,Velasco,San Ignacio de Velasco,4910231.16
-17.67173,-58.09139,342.48,12.14,294.06,2024-08-20,1815,N20,n,D,Santa Cruz,Angel Sandoval,San Matías,2708229.504
-17.2388,-59.02089,367.0,22.67,296.87,2024-08-04,1815,N20,h,D,Santa Cruz,Angel Sandoval,San Matías,2708229.504
-17.37194,-59.37979,367.0,241.04,356.69,2024-07-31,1726,N,h,D,Santa Cruz,Angel Sandoval,San Matías,2708229.504
-14.6302,-62.8231,322.9,22.0,297.0,2024-10-05,149,Terra,100,N,Santa Cruz,Ñuflo De Chavez,Concepción,3510852.308
-15.33557,-61.17054,344.41,9.41,308.03,2024-09-02,1708,N,n,D,Santa Cruz,Velasco,San Ignacio de Velasco,4910231.16
-16.3787,-60.15904,305.44,1.07,294.13,2024-08-03,538,N,n,N,Santa Cruz,Velasco,San Ignacio de Velasco,4910231.16
-15.09379,-63.88456,339.42,5.58,295.97,2024-10-25,1713,N,n,D,Santa Cruz,Guarayos,Ascención de Guarayos,867384.615
-15.03826,-63.17995,353.48,16.9,306.25,2024-09-05,1752,N,n,D,Santa Cruz,Guarayos,Urubicha,1046999.667
-16.50811,-61.07199,303.27,1.64,292.01,2024-09-03,557,N,n,N,Santa Cruz,Velasco,San Miguel de Velasco,954415.805
-15.81139,-62.72303,316.83,2.66,295.86,2024-09-07,505,N20,n,N,Santa Cruz,Ñuflo De Chavez,Concepción,3510852.308
-14.68108,-65.20988,343.14,6.12,291.05,2024-09-14,614,N20,n,N,Beni,Moxos,San Ignacio,2001132.642
-16.47387,-59.27608,305.55,2.3,293.49,2024-08-02,557,N,n,N,Santa Cruz,Angel Sandoval,San Matías,2708229.504
-13.00354,-64.34267,324.08,4.72,290.52,2024-10-13,505,N,n,N,Beni,Mamore,San Ramón,1007855.847
-13.75879,-64.43252,367.0,18.58,303.46,2024-07-23,1701,N20,h,D,Beni,Mamore,San Ramón,1007855.847
-16.6752,-63.75188,350.07,9.48,301.32,2024-09-28,1719,N,n,D,Santa Cruz,Sara,Santa Rosa del Sara,411372.581
-15.77221,-61.26347,348.1,8.5,301.49,2024-08-27,1720,N,n,D,Santa Cruz,Velasco,San Ignacio de Velasco,4910231.16
-12.09121,-65.02425,341.11,7.39,295.4,2024-08-17,1709,N,n,D,Beni,Mamore,Puerto Siles,207114.453
-16.32555,-59.75676,347.22,7.58,298.42,2024-09-02,459,N20,n,N,Santa Cruz,Velasco,San Ignacio de Velasco,4910231.16
-16.67967,-59.98621,350.39,14.55,311.29,2024-09-07,1737,N20,n,D,Santa Cruz,Velasco,San Rafael,973100.718
-16.95638,-60.51439,309.96,0.85,292.07,2024-08-06,506,N20,n,N,Santa Cruz,Velasco,San Rafael,973100.718
-17.8776,-58.5755,302.05,2.11,273.59,2024-10-03,454,N,n,N,Santa Cruz,Angel Sandoval,San Matías,2708229.504
-13.56522,-63.24631,309.88,1.93,286.94,2024-08-26,506,N,n,N,Beni,Itenez,Baures,1761607.494
-16.58395,-61.56294,335.42,4.62,303.91,2024-08-28,1725,N20,n,D,Santa Cruz,Velasco,San Miguel de Velasco,954415.805
-16.54186,-60.02757,311.49,3.78,298.01,2024-09-08,447,N20,n,N,Santa Cruz,Velasco,San Rafael,973100.718
-15.4412,-61.9874,318.2,13.4,295.6,2024-09-06,204,Terra,96,N,Santa Cruz,Ñuflo De Chavez,Concepción,3510852.308
-17.26308,-59.5983,303.08,1.06,287.67,2024-09-03,441,N20,n,N,Santa Cruz,Chiquitos,San Jose de Chiquitos,1912059.482
-16.53519,-58.98822,303.32,1.12,281.45,2024-08-08,428,N20,n,N,Santa Cruz,Angel Sandoval,San Matías,2708229.504
-21.80296,-63.16492,296.16,0.8,275.19,2024-01-23,559,N,n,N,Tarija,Gran Chaco,Yacuiba,364068.557
-15.28387,-62.59883,348.72,18.63,311.28,2024-09-02,1732,N20,n,D,Santa Cruz,Ñuflo De Chavez,Concepción,3510852.308
-20.54386,-64.43995,309.21,14.48,311.46,2024-10-17,1802,N,l,D,Chuquisaca,Nor Cinti,Incahuasi,187587.136
-13.13856,-67.73183,345.88,5.55,298.83,2024-08-26,1804,N20,n,D,La Paz,Abel Iturralde,Ixiamas,3745288.103
-15.24315,-62.89038,367.0,21.96,305.71,2024-08-29,1823,N,h,D,Santa Cruz,Guarayos,Urubicha,1046999.667
-17.64421,-58.31405,333.65,2.69,297.28,2024-08-07,1655,N,n,D,Santa Cruz,Angel Sandoval,San Matías,2708229.504
-17.87626,-59.35358,309.34,1.83,294.93,2024-09-22,501,N,n,N,Santa Cruz,Angel Sandoval,San Matías,2708229.504
-16.2722,-64.45549,367.0,9.75,290.63,2024-10-03,454,N,h,N,Santa Cruz,Ichilo,Yapacaní,951411.755
-15.48711,-60.7856,333.73,4.69,304.29,2024-08-27,1720,N,l,D,Santa Cruz,Velasco,San Ignacio de Velasco,4910231.16
-15.73912,-61.19651,334.55,2.33,300.2,2024-08-21,1733,N,n,D,Santa Cruz,Velasco,San Ignacio de Velasco,4910231.16
-16.26253,-61.83204,337.76,12.44,305.91,2024-09-08,1719,N20,n,D,Santa Cruz,Ñuflo De Chavez,Concepción,3510852.308
-17.48269,-59.62704,321.76,3.94,295.98,2024-09-08,604,N,n,N,Santa Cruz,Chiquitos,San Jose de Chiquitos,1912059.482
-15.6192,-61.00322,336.48,8.09,303.86,2024-07-27,1726,N20,n,D,Santa Cruz,Velasco,San Ignacio de Velasco,4910231.16
-15.30526,-63.11524,333.34,2.11,298.41,2024-09-11,507,N,n,N,Santa Cruz,Guarayos,Urubicha,1046999.667
-14.1292,-66.0463,324.4,100.9,290.3,2024-10-21,1816,Aqua,64,D,Beni,Yacuma,Santa Ana de Yacuma,2009278.188
-17.29979,-59.51263,306.86,2.3,294.74,2024-08-03,539,N,n,N,Santa Cruz,Angel Sandoval,San Matías,2708229.504
-15.9092,-62.584,316.5,37.1,301.0,2024-08-15,1908,Aqua,63,D,Santa Cruz,Ñuflo De Chavez,San Javier,338137.628
-13.18816,-67.90929,344.11,10.24,303.27,2024-10-06,1810,N,n,D,La Paz,Abel Iturralde,Ixiamas,3745288.103
-13.19562,-64.59807,341.41,3.5,304.9,2024-09-01,1751,N20,n,D,Beni,Mamore,San Ramón,1007855.847
-16.53945,-59.24831,315.82,2.29,294.39,2024-08-02,557,N,n,N,Santa Cruz,Angel Sandoval,San Matías,2708229.504
-17.33419,-59.65701,356.6,6.8,300.16,2024-09-20,1809,N,n,D,Santa Cruz,Chiquitos,San Jose de Chiquitos,1912059.482
-16.79148,-59.56977,341.67,6.36,305.81,2024-08-21,1733,N,n,D,Santa Cruz,Velasco,San Rafael,973100.718
-15.12702,-63.61483,323.22,3.4,295.78,2024-09-02,616,N,n,N,Santa Cruz,Guarayos,Ascención de Guarayos,867384.615
-16.55892,-58.71421,350.9,8.55,318.05,2024-08-21,1733,N,n,D,Santa Cruz,Angel Sandoval,San Matías,2708229.504
-16.42614,-59.98918,341.02,2.77,302.46,2024-08-22,506,N20,n,N,Santa Cruz,Velasco,San Rafael,973100.718
-17.54761,-59.08332,321.91,3.38,297.03,2024-09-08,447,N20,n,N,Santa Cruz,Angel Sandoval,San Matías,2708229.504
-15.3691,-62.4314,318.0,9.4,296.8,2024-09-17,1342,Terra,15,D,Santa Cruz,Ñuflo De Chavez,Concepción,3510852.308
-15.14491,-62.88194,346.69,32.21,304.38,2024-09-05,1752,N,n,D,Santa Cruz,Guarayos,Urubicha,1046999.667
-15.39727,-63.03394,343.84,6.21,302.98,2024-10-02,1745,N,n,D,Santa Cruz,Guarayos,Urubicha,1046999.667
-14.74231,-62.74814,319.96,105.22,294.24,2024-10-07,518,N,n,N,Santa Cruz,Ñuflo De Chavez,Concepción,3510852.308
-16.4222,-60.1749,323.7,16.9,299.3,2024-08-05,155,Terra,100,N,Santa Cruz,Velasco,San Ignacio de Velasco,4910231.16
-17.75502,-59.60214,342.67,3.32,298.77,2024-08-31,537,N20,n,N,Santa Cruz,Chiquitos,Robore,735349.232
-15.62859,-62.02089,319.61,7.88,295.73,2024-08-29,615,N20,n,N,Santa Cruz,Ñuflo De Chavez,Concepción,3510852.308
-16.0586,-62.8533,313.4,17.8,296.8,2024-09-08,146,Terra,87,N,Santa Cruz,Guarayos,Ascención de Guarayos,867384.615
-14.582,-65.3531,343.9,55.9,293.3,2024-09-06,204,Terra,100,N,Beni,Moxos,San Ignacio,2001132.642
-17.63338,-61.53718,346.04,41.67,306.45,2024-02-07,1757,N20,n,D,Santa Cruz,Chiquitos,Pailón,1372611.082
-14.18419,-65.14276,367.0,10.32,306.93,2024-10-01,1804,N,h,D,Beni,Moxos,San Ignacio,2001132.642
-15.3898,-62.51423,311.27,1.61,294.01,2024-09-06,524,N20,n,N,Santa Cruz,Ñuflo De Chavez,Concepción,3510852.308
-16.3721,-59.6864,318.4,12.8,297.0,2024-09-12,609,Aqua,97,N,Santa Cruz,Velasco,San Ignacio de Velasco,4910231.16
-16.3898,-59.86377,338.13,5.44,307.96,2024-08-15,1809,N20,n,D,Santa Cruz,Velasco,San Ignacio de Velasco,4910231.16
-15.73831,-61.27507,316.11,1.74,295.39,2024-08-30,532,N,n,N,Santa Cruz,Velasco,San Ignacio de Velasco,4910231.16
-17.03977,-59.55462,330.65,5.21,299.77,2024-09-04,1653,N20,n,D,Santa Cruz,Chiquitos,San Jose de Chiquitos,1912059.482
-15.56675,-61.20804,343.93,19.11,307.98,2024-08-21,1733,N,n,D,Santa Cruz,Velasco,San Ignacio de Velasco,4910231.16
-18.49274,-59.14021,322.86,1.84,297.83,2024-08-06,507,N20,n,N,Santa Cruz,Chiquitos,Robore,735349.232
-17.76256,-58.17636,307.71,2.71,295.92,2024-09-07,506,N20,n,N,Santa Cruz,Angel Sandoval,San Matías,2708229.504
-16.04404,-63.04288,330.75,5.53,300.41,2024-09-01,1750,N20,n,D,Santa Cruz,Guarayos,Ascención de Guarayos,867384.615
-18.61491,-62.79335,340.59,16.24,297.56,2024-03-02,526,N,n,N,Santa Cruz,Cordillera,Charagua,7136018.854
-15.7491,-62.1257,332.4,80.6,301.4,2024-08-28,1805,Aqua,72,D,Santa Cruz,Ñuflo De Chavez,Concepción,3510852.308
-16.05791,-64.31351,325.32,2.35,298.72,2024-10-13,530,N20,n,N,Santa Cruz,Sara,Santa Rosa del Sara,411372.581
-14.8492,-62.2871,310.2,12.0,296.1,2024-09-24,601,Aqua,17,N,Santa Cruz,Ñuflo De Chavez,Concepción,3510852.308
-15.83527,-61.97822,352.56,14.26,293.01,2024-08-19,1834,N20,n,D,Santa Cruz,Ñuflo De Chavez,Concepción,3510852.308
-15.20479,-61.78475,308.12,3.48,296.67,2024-09-25,544,N,n,N,Santa Cruz,Ñuflo De Chavez,Concepción,3510852.308
-15.41843,-62.13394,336.11,4.73,297.0,2024-09-06,524,N20,n,N,Santa Cruz,Ñuflo De Chavez,Concepción,3510852.308
-13.55874,-64.08617,321.1,8.68,293.97,2024-08-07,603,N,n,N,Beni,Itenez,Huacaraje,446422.634
-15.19212,-62.76634,332.17,11.62,289.34,2024-09-01,518,N20,n,N,Santa Cruz,Ñuflo De Chavez,Concepción,3510852.308
-17.49744,-58.47011,331.43,3.44,302.77,2024-09-11,1802,N20,l,D,Santa Cruz,Angel Sandoval,San Matías,2708229.504
-13.51967,-63.31051,352.14,5.56,315.83,2024-08-21,1757,N20,n,D,Beni,Itenez,Baures,1761607.494
-15.80662,-64.15907,334.57,13.37,304.09,2024-10-06,1809,N,n,D,Beni,Marban,San Andrés,935478.015
-14.0619,-65.274,326.0,32.9,283.5,2024-09-30,1413,Terra,21,D,Beni,Yacuma,Santa Ana de Yacuma,2009278.188
-15.40721,-67.19864,347.82,22.45,305.26,2024-10-23,1815,N20,n,D,La Paz,Sur Yungas,Palos Blancos,360458.365
-16.36,-59.7409,326.5,76.7,304.0,2024-08-30,1748,Aqua,54,D,Santa Cruz,Velasco,San Ignacio de Velasco,4910231.16
-15.58348,-63.37933,300.82,1.78,287.8,2024-09-28,447,N,n,N,Santa Cruz,Guarayos,Ascención de Guarayos,867384.615
-17.67694,-59.79252,326.27,3.78,298.3,2024-09-07,442,N,n,N,Santa Cruz,Chiquitos,San Jose de Chiquitos,1912059.482
-16.55502,-61.56629,337.37,2.34,300.61,2024-09-05,1751,N,n,D,Santa Cruz,Velasco,San Miguel de Velasco,954415.805
-15.31432,-62.66442,309.33,2.2,296.2,2024-09-04,538,N,n,N,Santa Cruz,Ñuflo De Chavez,Concepción,3510852.308
-16.22614,-61.79415,346.77,12.35,297.43,2024-07-25,531,N20,n,N,Santa Cruz,Ñuflo De Chavez,Concepción,3510852.308
-14.3176,-62.8154,310.2,10.2,292.4,2024-10-04,610,Aqua,59,N,Santa Cruz,Ñuflo De Chavez,Concepción,3510852.308
-14.59808,-65.17968,341.61,24.51,303.11,2024-10-01,1804,N,n,D,Beni,Moxos,San Ignacio,2001132.642
-15.74825,-62.18421,311.75,1.99,295.14,2024-08-30,532,N,n,N,Santa Cruz,Ñuflo De Chavez,Concepción,3510852.308
-16.25262,-63.11331,337.23,8.2,299.83,2024-09-09,1700,N20,n,D,Santa Cruz,Guarayos,El Puente,674484.183
-15.58141,-61.67548,312.22,1.48,294.99,2024-09-24,446,N20,n,N,Santa Cruz,Ñuflo De Chavez,Concepción,3510852.308
-14.99849,-63.24651,308.89,0.98,289.5,2024-09-17,454,N,n,N,Santa Cruz,Guarayos,Urubicha,1046999.667
-14.58832,-68.46086,331.89,109.45,298.35,2024-10-02,1809,N20,n,D,La Paz,Franz Tamayo,Apolo,1396952.172
-15.25161,-61.09464,300.77,1.69,286.49,2024-08-27,448,N,n,N,Santa Cruz,Velasco,San Ignacio de Velasco,4910231.16
-15.95356,-62.20651,308.2,1.54,291.43,2024-09-05,543,N20,n,N,Santa Cruz,Ñuflo De Chavez,Concepción,3510852.308
-16.50971,-61.62322,322.64,2.85,296.53,2024-09-09,545,N,n,N,Santa Cruz,Velasco,San Miguel de Velasco,954415.805
-16.48369,-59.67269,344.7,16.67,305.97,2024-08-14,1804,N,n,D,Santa Cruz,Velasco,San Rafael,973100.718
-16.4535,-62.10554,341.43,31.48,311.82,2024-07-27,1725,N20,n,D,Santa Cruz,Ñuflo De Chavez,Concepción,3510852.308
-17.763,-58.21357,335.53,4.02,303.23,2024-09-10,526,N,n,N,Santa Cruz,Angel Sandoval,San Matías,2708229.504
-14.88327,-60.74683,355.23,21.44,295.41,2024-09-03,1649,N,n,D,Santa Cruz,Velasco,San Ignacio de Velasco,4910231.16
-12.11422,-64.87485,345.33,6.08,302.25,2024-08-22,1739,N20,n,D,Beni,Mamore,San Joaquín,869243.103
-17.68758,-58.43807,305.76,2.8,290.41,2024-08-18,417,N,n,N,Santa Cruz,Angel Sandoval,San Matías,2708229.504
-15.7955,-62.4712,318.5,12.1,300.9,2024-09-23,158,Terra,96,N,Santa Cruz,Ñuflo De Chavez,Concepción,3510852.308
-13.2004,-66.5324,318.3,75.7,288.5,2024-10-23,1936,Aqua,70,D,Beni,General Jose Ballivi,Santa Rosa,1210566.888
-16.58888,-60.2664,334.95,5.54,305.28,2024-09-03,1712,N20,l,D,Santa Cruz,Velasco,San Rafael,973100.718
-16.89137,-59.63033,305.21,2.42,292.65,2024-09-09,608,N20,n,N,Santa Cruz,Velasco,San Rafael,973100.718
-17.8339,-59.3578,331.9,22.1,300.2,2024-09-12,1820,Aqua,82,D,Santa Cruz,Angel Sandoval,San Matías,2708229.504
-16.98239,-59.85882,317.23,4.83,278.48,2024-09-23,442,N,n,N,Santa Cruz,Velasco,San Rafael,973100.718
-16.47838,-62.38758,309.06,2.4,294.34,2024-08-03,538,N,n,N,Santa Cruz,Ñuflo De Chavez,San Javier,338137.628
-15.78972,-63.56001,335.77,13.47,301.42,2024-09-05,1752,N,n,D,Beni,Marban,San Andrés,935478.015
-18.606,-57.84937,322.96,2.21,281.31,2024-10-09,441,N,n,N,Santa Cruz,German Busch,Puerto Suarez,1298155.148
-15.04402,-61.55035,320.93,2.93,293.17,2024-08-29,551,N,n,N,Santa Cruz,Ñuflo De Chavez,Concepción,3510852.308
-15.30445,-61.68698,317.26,1.8,296.45,2024-09-22,500,N,n,N,Santa Cruz,Ñuflo De Chavez,Concepción,3510852.308
-16.69886,-59.54235,333.89,4.88,302.31,2024-08-16,1750,N20,n,D,Santa Cruz,Velasco,San Rafael,973100.718
-17.63904,-59.17845,329.45,2.07,297.19,2024-08-16,519,N20,n,N,Santa Cruz,Angel Sandoval,San Matías,2708229.504
-18.38769,-59.05998,336.46,1.94,292.51,2024-05-13,502,N20,n,N,Santa Cruz,German Busch,Carmen Rivero Torrez,1101079.142
-15.6441,-61.34616,335.11,3.53,305.02,2024-08-16,1727,N,n,D,Santa Cruz,Velasco,San Ignacio de Velasco,4910231.16
-17.3285,-58.80283,304.86,1.78,287.58,2024-08-30,416,N20,n,N,Santa Cruz,Angel Sandoval,San Matías,2708229.504
-13.46672,-63.38485,346.98,5.28,298.61,2024-10-03,517,N20,n,N,Beni,Itenez,Baures,1761607.494
-14.53154,-64.00608,318.12,2.78,294.38,2024-10-07,518,N,n,N,Beni,Cercado,San Javier,817332.335
-16.80908,-59.50755,316.18,2.55,294.22,2024-08-07,447,N20,n,N,Santa Cruz,Angel Sandoval,San Matías,2708229.504
-17.472,-58.8865,332.5,82.6,302.1,2024-09-10,627,Aqua,100,N,Santa Cruz,Angel Sandoval,San Matías,2708229.504
-16.56484,-59.42886,310.13,1.82,294.68,2024-07-28,435,N20,n,N,Santa Cruz,Angel Sandoval,San Matías,2708229.504
-12.67896,-63.16211,346.48,11.94,287.3,2024-09-20,601,N20,n,N,Beni,Itenez,Magdalena,1363449.184
-15.50561,-60.84794,349.51,22.69,313.77,2024-08-14,1804,N,n,D,Santa Cruz,Velasco,San Ignacio de Velasco,4910231.16
-15.24875,-62.09689,334.86,12.29,304.95,2024-09-21,1751,N,l,D,Santa Cruz,Ñuflo De Chavez,Concepción,3510852.308
-16.46369,-59.62089,307.99,0.79,291.83,2024-08-15,513,N,n,N,Santa Cruz,Velasco,San Rafael,973100.718
-15.16673,-65.15369,343.49,22.15,307.97,2024-09-23,1737,N20,n,D,Beni,Moxos,San Ignacio,2001132.642
-12.7513,-66.9299,329.2,16.5,302.3,2024-10-02,1354,Terra,49,D,Beni,General Jose Ballivi,Reyes,1264166.592
-11.93402,-66.03384,309.63,1.04,295.68,2024-10-02,535,N20,n,N,Beni,Vaca Diez,Riberalta,972562.88
-15.27384,-63.73034,307.43,2.75,289.49,2024-09-06,500,N,n,N,Santa Cruz,Guarayos,Ascención de Guarayos,867384.615
-13.02634,-64.08504,343.08,11.18,306.95,2024-07-31,1727,N,n,D,Beni,Itenez,Magdalena,1363449.184
-17.02598,-59.04461,348.44,22.75,307.69,2024-07-20,1732,N,n,D,Santa Cruz,Angel Sandoval,San Matías,2708229.504
-17.68963,-60.36145,367.0,18.47,292.28,2024-06-16,603,N20,h,N,Santa Cruz,Chiquitos,San Jose de Chiquitos,1912059.482
-15.60548,-60.74543,356.01,50.12,304.67,2024-08-17,1708,N,n,D,Santa Cruz,Velasco,San Ignacio de Velasco,4910231.16
-18.04071,-59.61658,304.34,0.73,292.05,2024-06-13,454,N,n,N,Santa Cruz,Chiquitos,Robore,735349.232
-12.33391,-65.68499,339.03,41.35,310.18,2024-08-15,1811,N20,l,D,Beni,Yacuma,Exaltacion,2497316.752
-11.94,-66.22636,334.6,6.17,295.01,2024-08-13,1848,N20,n,D,Beni,Vaca Diez,Riberalta,972562.88
-15.0913,-61.9427,317.3,40.9,293.9,2024-10-02,127,Terra,90,N,Santa Cruz,Ñuflo De Chavez,Concepción,3510852.308
-12.73734,-64.3027,332.71,4.22,306.06,2024-08-16,1728,N,l,D,Beni,Mamore,San Ramón,1007855.847
-10.5561,-67.5919,354.7,73.6,284.8,2024-11-01,1903,Aqua,97,D,Pando,Nicolas Suarez,Bella Flor,579347.082
-17.81142,-59.05714,311.71,3.36,294.62,2024-08-29,411,N,n,N,Santa Cruz,Angel Sandoval,San Matías,2708229.504
-14.6047,-65.36115,342.96,8.83,300.41,2024-09-05,1752,N,n,D,Beni,Moxos,San Ignacio,2001132.642
-15.36149,-62.88058,337.37,16.17,291.56,2024-08-26,507,N,n,N,Santa Cruz,Guarayos,Urubicha,1046999.667
-12.4864,-64.3677,319.8,8.1,303.2,2024-08-02,1834,Aqua,30,D,Beni,Mamore,San Joaquín,869243.103
-15.03295,-62.00142,327.01,5.0,289.93,2024-09-30,550,N,n,N,Santa Cruz,Ñuflo De Chavez,Concepción,3510852.308
-17.57296,-58.24752,304.92,2.61,294.11,2024-08-29,411,N,n,N,Santa Cruz,Angel Sandoval,San Matías,2708229.504
-13.43864,-64.14227,367.0,25.2,317.04,2024-08-12,1726,N20,h,D,Beni,Itenez,Magdalena,1363449.184
-15.3947,-62.5674,326.9,67.6,299.2,2024-08-28,1805,Aqua,38,D,Santa Cruz,Ñuflo De Chavez,Concepción,3510852.308
-15.34861,-63.17302,343.73,9.47,301.5,2024-09-01,1750,N20,n,D,Santa Cruz,Guarayos,Urubicha,1046999.667
-15.17621,-64.23385,301.66,1.08,291.45,2024-08-18,621,N20,n,N,Beni,Marban,San Andrés,935478.015
-12.8024,-67.3168,404.4,560.8,301.2,2024-09-01,656,Aqua,100,N,La Paz,Abel Iturralde,Ixiamas,3745288.103
-15.44693,-63.67676,311.29,1.7,296.55,2024-09-11,530,N20,n,N,Santa Cruz,Guarayos,Ascención de Guarayos,867384.615
-16.7318,-59.7594,315.2,12.8,299.7,2024-06-06,1324,Terra,69,D,Santa Cruz,Velasco,San Rafael,973100.718
-18.86527,-63.35285,338.19,2.94,307.53,2024-11-04,1749,N20,n,D,Santa Cruz,Cordillera,Charagua,7136018.854
-16.17305,-61.80529,302.9,1.21,291.69,2024-09-04,602,N20,n,N,Santa Cruz,Ñuflo De Chavez,Concepción,3510852.308
-14.81353,-63.95589,332.34,4.94,302.23,2024-10-02,1809,N20,n,D,Beni,Cercado,Trinidad,253852.066
-16.19145,-64.37025,305.08,0.53,286.77,2024-07-19,544,N20,n,N,Santa Cruz,Ichilo,Yapacaní,951411.755
-15.95628,-61.87954,314.72,10.27,292.02,2024-07-20,525,N20,n,N,Santa Cruz,Ñuflo De Chavez,Concepción,3510852.308
-16.53496,-58.83192,316.65,1.48,290.67,2024-07-31,519,N20,n,N,Santa Cruz,Angel Sandoval,San Matías,2708229.504
-18.55641,-58.2897,332.05,3.29,289.39,2024-06-29,519,N20,n,N,Santa Cruz,German Busch,Carmen Rivero Torrez,1101079.142
-16.93457,-58.86115,351.6,32.95,313.22,2024-07-31,1750,N20,n,D,Santa Cruz,Angel Sandoval,San Matías,2708229.504
-15.48759,-65.41081,315.11,6.59,295.18,2024-10-06,602,N20,n,N,Beni,Moxos,San Ignacio,2001132.642
-14.38417,-61.667,315.69,1.25,296.62,2024-10-02,512,N,n,N,Santa Cruz,Velasco,San Ignacio de Velasco,4910231.16
-17.29985,-59.08029,331.97,8.05,286.33,2024-08-13,1642,N,n,D,Santa Cruz,Angel Sandoval,San Matías,2708229.504
-15.17395,-62.69061,351.0,169.24,307.03,2024-09-05,1752,N,n,D,Santa Cruz,Ñuflo De Chavez,Concepción,3510852.308
-15.14826,-61.76294,329.13,2.42,295.29,2024-09-18,459,N20,n,N,Santa Cruz,Ñuflo De Chavez,Concepción,3510852.308
-14.06322,-64.49506,348.58,17.76,310.41,2024-09-21,1752,N,n,D,Beni,Mamore,San Ramón,1007855.847
-15.55286,-60.36422,305.84,1.51,289.07,2024-01-30,435,N20,n,N,Santa Cruz,Velasco,San Ignacio de Velasco,4910231.16
-13.64598,-64.90047,355.82,39.78,294.28,2024-08-05,1758,N20,l,D,Beni,Mamore,San Ramón,1007855.847
-14.68003,-62.15766,328.53,21.03,283.19,2024-10-04,434,N,n,N,Santa Cruz,Ñuflo De Chavez,Concepción,3510852.308
-15.05994,-61.5995,307.62,1.73,288.26,2024-08-27,448,N,n,N,Santa Cruz,Ñuflo De Chavez,Concepción,3510852.308
-17.48204,-59.11035,331.6,12.72,305.2,2024-08-27,1720,N,l,D,Santa Cruz,Angel Sandoval,San Matías,2708229.504
-15.64697,-62.68586,320.49,2.52,292.78,2024-09-06,501,N,n,N,Santa Cruz,Ñuflo De Chavez,Concepción,3510852.308
-16.1621,-64.60517,347.8,9.62,306.26,2024-10-06,537,N,n,N,Santa Cruz,Ichilo,Yapacaní,951411.755
-15.89648,-61.15459,346.19,3.91,300.65,2024-09-11,530,N20,n,N,Santa Cruz,Velasco,San Ignacio de Velasco,4910231.16
-13.72605,-65.06966,333.18,3.42,304.23,2024-06-06,1758,N,n,D,Beni,Mamore,San Joaquín,869243.103
-14.81662,-62.29548,334.85,8.16,297.42,2024-09-22,523,N20,n,N,Santa Cruz,Ñuflo De Chavez,Concepción,3510852.308
-19.18607,-64.17993,314.68,0.81,284.3,2024-10-24,525,N20,n,N,Chuquisaca,Belisario Boeto,Villa Serrano,171318.003
-18.42008,-58.85577,306.88,1.48,295.06,2024-06-12,538,N20,n,N,Santa Cruz,German Busch,Carmen Rivero Torrez,1101079.142
-14.88227,-62.26506,324.74,4.76,290.76,2024-09-21,542,N20,n,N,Santa Cruz,Ñuflo De Chavez,Concepción,3510852.308
-17.76555,-57.98388,332.69,9.67,298.89,2024-08-26,1738,N,n,D,Santa Cruz,Angel Sandoval,San Matías,2708229.504
-16.79503,-58.56131,318.27,2.12,293.12,2024-08-02,441,N20,n,N,Santa Cruz,Angel Sandoval,San Matías,2708229.504
-16.12466,-64.59213,351.08,15.22,310.36,2024-10-02,1808,N20,n,D,Santa Cruz,Ichilo,Yapacaní,951411.755
-15.39393,-63.05515,314.61,1.63,297.13,2024-09-12,511,N20,n,N,Santa Cruz,Guarayos,Urubicha,1046999.667
-16.9457,-59.5369,307.12,3.19,293.91,2024-09-01,455,N,n,N,Santa Cruz,Velasco,San Rafael,973100.718
-14.83627,-63.03137,330.82,3.37,294.11,2024-09-26,1821,N20,n,D,Santa Cruz,Guarayos,Urubicha,1046999.667
-13.35097,-64.71689,345.51,33.68,310.94,2024-07-18,1835,N20,n,D,Beni,Mamore,San Ramón,1007855.847
-18.59047,-58.65764,336.5,13.63,292.41,2024-06-06,411,N20,n,N,Santa Cruz,German Busch,Carmen Rivero Torrez,1101079.142
-12.32978,-65.1917,367.0,14.6,292.4,2024-08-06,1715,N,h,D,Beni,Yacuma,Exaltacion,2497316.752
-14.72653,-63.49424,355.95,9.33,306.69,2024-10-03,1750,N20,n,D,Santa Cruz,Guarayos,Urubicha,1046999.667
-12.25651,-67.84483,330.52,2.76,301.7,2024-10-02,1810,N20,l,D,La Paz,Abel Iturralde,Ixiamas,3745288.103
-18.38588,-59.54729,346.49,8.5,301.69,2024-10-08,1731,N,n,D,Santa Cruz,Chiquitos,Robore,735349.232
-14.79379,-62.34731,350.35,139.78,293.33,2024-10-08,1756,N20,n,D,Santa Cruz,Ñuflo De Chavez,Concepción,3510852.308
-17.78203,-62.07785,328.71,3.06,295.06,2024-01-07,558,N,n,N,Santa Cruz,Chiquitos,Pailón,1372611.082
-15.16082,-64.06772,305.21,1.69,286.28,2024-06-19,441,N,n,N,Beni,Marban,San Andrés,935478.015
-15.48763,-62.96226,330.37,5.38,299.99,2024-09-10,1821,N20,n,D,Santa Cruz,Guarayos,Urubicha,1046999.667
-17.26299,-64.75198,354.45,9.69,297.8,2024-08-21,1733,N,n,D,Cochabamba,Carrasco,Puerto Villarroel,224074.541
-18.40716,-62.43341,328.97,4.25,272.14,2024-12-20,1826,N20,n,D,Santa Cruz,Cordillera,Charagua,7136018.854
-15.71926,-62.61308,330.14,4.02,296.6,2024-08-30,1828,N20,n,D,Santa Cruz,Ñuflo De Chavez,Concepción,3510852.308
-14.43874,-64.45355,367.0,23.33,308.24,2024-09-12,511,N20,h,N,Beni,Cercado,San Javier,817332.335
-17.72055,-59.27014,367.0,15.39,306.11,2024-08-27,1743,N20,h,D,Santa Cruz,Angel Sandoval,San Matías,2708229.504
-15.59979,-63.7122,340.78,4.48,304.21,2024-08-29,1823,N,n,D,Beni,Marban,San Andrés,935478.015
-17.96168,-59.24828,305.18,1.98,286.55,2024-10-03,518,N20,n,N,Santa Cruz,Angel Sandoval,San Matías,2708229.504
-16.78806,-59.10814,307.08,1.17,292.6,2024-08-05,525,N20,n,N,Santa Cruz,Angel Sandoval,San Matías,2708229.504
-15.80179,-60.7995,308.88,0.92,291.76,2024-07-26,512,N20,n,N,Santa Cruz,Velasco,San Ignacio de Velasco,4910231.16
-15.26789,-61.78101,345.89,12.4,301.9,2024-09-28,1743,N20,n,D,Santa Cruz,Ñuflo De Chavez,Concepción,3510852.308
-20.77597,-64.23357,344.34,6.37,296.53,2024-10-21,1711,N20,n,D,Chuquisaca,Sur Cinti,Culpina,390984.37
-15.58831,-61.27932,333.81,10.1,305.36,2024-08-20,1752,N,n,D,Santa Cruz,Velasco,San Ignacio de Velasco,4910231.16
-16.57552,-61.63985,311.82,1.02,295.25,2024-09-10,526,N,n,N,Santa Cruz,Velasco,San Miguel de Velasco,954415.805
-17.74956,-59.55508,307.12,1.69,294.68,2024-08-01,500,N20,n,N,Santa Cruz,Chiquitos,Robore,735349.232
-16.58898,-59.6034,314.83,1.47,294.9,2024-08-31,513,N,n,N,Santa Cruz,Velasco,San Rafael,973100.718
-16.26163,-64.84251,318.21,3.83,297.71,2024-10-07,519,N,n,N,Cochabamba,Carrasco,Chimore,273975.4
-13.07661,-62.99878,332.48,4.05,299.99,2024-10-06,1810,N,n,D,Beni,Itenez,Baures,1761607.494
-15.10667,-63.07796,331.12,3.63,296.55,2024-09-02,459,N20,n,N,Santa Cruz,Guarayos,Urubicha,1046999.667
-15.70495,-61.82198,305.91,1.1,292.77,2024-08-18,557,N,n,N,Santa Cruz,Ñuflo De Chavez,Concepción,3510852.308
-10.87354,-65.49067,333.44,4.74,302.16,2024-07-29,1830,N20,n,D,Beni,Vaca Diez,Guayaramerín,650218.903
-15.69027,-61.09237,320.4,1.77,293.12,2024-08-06,442,N,n,N,Santa Cruz,Velasco,San Ignacio de Velasco,4910231.16
-16.35682,-59.09012,351.35,10.24,303.46,2024-08-21,525,N20,n,N,Santa Cruz,Angel Sandoval,San Matías,2708229.504
-18.12273,-58.37153,308.97,1.14,283.46,2024-10-07,543,N20,n,N,Santa Cruz,German Busch,Carmen Rivero Torrez,1101079.142
-16.42436,-61.89013,327.14,4.15,289.98,2024-06-05,610,N20,n,N,Santa Cruz,Ñuflo De Chavez,Concepción,3510852.308
-15.80596,-63.48191,303.96,5.0,290.24,2024-09-06,501,N,n,N,Beni,Marban,San Andrés,935478.015
-17.31418,-58.95841,357.28,38.1,316.74,2024-08-31,1745,N,n,D,Santa Cruz,Angel Sandoval,San Matías,2708229.504
-18.48089,-57.70021,345.32,10.49,303.15,2024-09-06,1756,N20,n,D,Santa Cruz,German Busch,Puerto Quijarro,145026.251
-16.07555,-62.14751,309.06,1.06,293.01,2024-08-02,557,N,n,N,Santa Cruz,Ñuflo De Chavez,Concepción,3510852.308
-14.64336,-63.8006,314.87,3.76,295.29,2024-10-02,512,N,n,N,Santa Cruz,Guarayos,Ascención de Guarayos,867384.615
-13.55699,-64.14574,337.24,6.18,301.68,2024-09-23,1714,N,n,D,Beni,Itenez,Huacaraje,446422.634
-17.2351,-59.4642,319.2,56.5,295.8,2024-07-29,1259,Terra,67,D,Santa Cruz,Angel Sandoval,San Matías,2708229.504
-15.37718,-63.35223,332.09,2.69,301.39,2024-09-04,1811,N,n,D,Santa Cruz,Guarayos,Ascención de Guarayos,867384.615
-14.80694,-62.30778,336.09,5.82,299.11,2024-09-24,1718,N20,n,D,Santa Cruz,Ñuflo De Chavez,Concepción,3510852.308
-12.14519,-66.46325,335.87,5.11,300.03,2024-10-17,1804,N,n,D,Beni,General Jose Ballivi,Santa Rosa,1210566.888
-15.64069,-65.7334,333.78,4.09,291.32,2024-01-09,1842,N20,n,D,Beni,Moxos,San Ignacio,2001132.642
-16.7004,-58.95077,319.94,1.74,295.54,2024-08-05,501,N,n,N,Santa Cruz,Angel Sandoval,San Matías,2708229.504
-15.86768,-61.07102,349.41,4.93,295.69,2024-08-31,537,N20,n,N,Santa Cruz,Velasco,San Ignacio de Velasco,4910231.16
-15.38082,-63.96183,303.56,1.09,281.23,2024-09-05,519,N,n,N,Beni,Marban,San Andrés,935478.015
-12.77086,-63.05621,307.97,2.89,296.78,2024-10-03,517,N20,n,N,Beni,Itenez,Magdalena,1363449.184
-11.96711,-65.44321,310.44,1.16,290.5,2024-08-25,525,N,n,N,Beni,Vaca Diez,Guayaramerín,650218.903
-13.12736,-65.58371,336.57,8.13,301.96,2024-08-04,543,N20,n,N,Beni,Yacuma,Exaltacion,2497316.752
-16.95734,-58.6693,301.28,1.93,288.04,2024-08-06,506,N20,n,N,Santa Cruz,Angel Sandoval,San Matías,2708229.504
-12.21055,-64.79638,332.63,5.44,283.48,2024-10-08,523,N20,n,N,Beni,Mamore,San Joaquín,869243.103
-17.51818,-59.34259,310.11,2.83,296.78,2024-08-31,514,N,n,N,Santa Cruz,Angel Sandoval,San Matías,2708229.504
-15.61159,-62.88875,339.0,4.28,294.94,2024-09-20,1810,N,n,D,Santa Cruz,Guarayos,Urubicha,1046999.667
-18.17072,-62.44311,335.89,6.46,303.22,2024-01-15,1739,N,l,D,Santa Cruz,Cordillera,Charagua,7136018.854
-13.19013,-67.87794,350.39,17.13,298.11,2024-10-11,1817,N,n,D,La Paz,Abel Iturralde,Ixiamas,3745288.103
-14.9604,-60.38445,305.33,1.32,293.23,2024-09-22,500,N,n,N,Santa Cruz,Velasco,San Ignacio de Velasco,4910231.16
-17.32522,-59.08284,338.7,3.99,306.76,2024-08-29,1706,N20,n,D,Santa Cruz,Angel Sandoval,San Matías,2708229.504
-16.64732,-65.74416,341.71,16.03,300.39,2024-10-08,1732,N,n,D,Cochabamba,Chapare,Villa Tunari,1456095.378
-17.33849,-59.38771,355.3,6.55,299.52,2024-07-30,1745,N,n,D,Santa Cruz,Angel Sandoval,San Matías,2708229.504
-15.91797,-62.0954,356.73,8.94,288.77,2024-08-12,1701,N,l,D,Santa Cruz,Ñuflo De Chavez,Concepción,3510852.308
-15.87229,-62.19153,311.03,0.56,286.4,2024-08-27,448,N,n,N,Santa Cruz,Ñuflo De Chavez,Concepción,3510852.308
-15.29428,-61.08846,337.37,38.76,311.65,2024-08-26,1739,N,n,D,Santa Cruz,Velasco,San Ignacio de Velasco,4910231.16
-16.85144,-59.85475,311.43,4.13,298.82,2024-09-11,507,N,n,N,Santa Cruz,Velasco,San Rafael,973100.718
-13.64346,-63.07026,333.94,5.67,297.44,2024-09-20,1654,N20,n,D,Beni,Itenez,Baures,1761607.494
-16.77518,-58.85935,367.0,18.88,308.44,2024-08-15,1809,N20,h,D,Santa Cruz,Angel Sandoval,San Matías,2708229.504
-15.10837,-63.17491,309.88,7.8,288.18,2024-09-06,524,N20,n,N,Santa Cruz,Guarayos,Urubicha,1046999.667
-17.28483,-60.25631,342.12,4.93,301.51,2024-09-11,531,N20,n,N,Santa Cruz,Chiquitos,San Jose de Chiquitos,1912059.482
-15.26965,-62.42742,347.02,5.43,265.57,2024-09-21,519,N,n,N,Santa Cruz,Ñuflo De Chavez,Concepción,3510852.308
-12.73177,-66.73875,342.57,3.58,296.88,2024-08-23,1837,N,n,D,Beni,General Jose Ballivi,Reyes,1264166.592
-17.8688,-59.4971,313.3,8.5,295.6,2024-08-26,1822,Aqua,63,D,Santa Cruz,Angel Sandoval,San Matías,2708229.504
-15.77931,-63.49568,323.4,8.38,298.1,2024-09-04,538,N,n,N,Beni,Marban,San Andrés,935478.015
-18.28028,-62.16079,315.88,1.42,293.12,2024-01-17,520,N20,n,N,Santa Cruz,Cordillera,Charagua,7136018.854
-17.52242,-58.23953,350.83,111.07,310.5,2024-08-05,1732,N,n,D,Santa Cruz,Angel Sandoval,San Matías,2708229.504
-15.34163,-63.58523,367.0,11.09,322.67,2024-07-26,1745,N20,h,D,Santa Cruz,Guarayos,Ascención de Guarayos,867384.615
-17.5058,-59.5211,349.1,57.8,302.1,2024-05-30,1336,Terra,95,D,Santa Cruz,Angel Sandoval,San Matías,2708229.504
-17.66936,-58.21144,367.0,36.88,310.52,2024-08-22,1713,N,h,D,Santa Cruz,Angel Sandoval,San Matías,2708229.504
-15.47347,-63.31466,344.73,50.74,294.9,2024-08-26,1739,N,n,D,Santa Cruz,Guarayos,Ascención de Guarayos,867384.615
-16.22208,-64.87271,343.36,33.39,308.31,2024-09-25,1816,N,n,D,Cochabamba,Carrasco,Chimore,273975.4
-17.58986,-60.22853,314.11,3.31,289.74,2024-11-16,609,N,n,N,Santa Cruz,Chiquitos,San Jose de Chiquitos,1912059.482
-15.18584,-61.66895,332.96,7.72,301.36,2024-09-08,1655,N,n,D,Santa Cruz,Ñuflo De Chavez,Concepción,3510852.308
-14.28354,-62.96939,355.77,12.66,302.39,2024-09-24,602,N,n,N,Santa Cruz,Ñuflo De Chavez,Concepción,3510852.308
-15.72185,-62.07912,367.0,8.63,296.46,2024-09-02,436,N,h,N,Santa Cruz,Ñuflo De Chavez,Concepción,3510852.308
-14.88015,-62.7835,352.72,35.07,294.05,2024-10-03,517,N20,n,N,Santa Cruz,Ñuflo De Chavez,Concepción,3510852.308
-15.10697,-62.00608,310.56,2.08,290.74,2024-10-04,458,N20,n,N,Santa Cruz,Ñuflo De Chavez,Concepción,3510852.308
-15.48305,-61.80803,344.51,3.03,298.45,2024-09-12,448,N,n,N,Santa Cruz,Ñuflo De Chavez,Concepción,3510852.308
-14.43459,-62.92276,347.79,23.33,295.6,2024-10-09,1713,N,n,D,Santa Cruz,Ñuflo De Chavez,Concepción,3510852.308
-17.61559,-59.83273,325.3,2.19,297.98,2024-09-10,526,N,n,N,Santa Cruz,Chiquitos,San Jose de Chiquitos,1912059.482
-13.82887,-61.6293,304.61,1.64,284.65,2024-10-06,601,N20,n,N,Santa Cruz,Velasco,San Ignacio de Velasco,4910231.16
-15.49986,-63.48024,300.86,0.37,264.94,2024-09-01,454,N,n,N,Santa Cruz,Guarayos,Ascención de Guarayos,867384.615
-15.8424,-61.9777,328.5,32.0,289.5,2024-06-27,156,Terra,100,N,Santa Cruz,Ñuflo De Chavez,Concepción,3510852.308
-15.31219,-63.96537,310.82,3.24,295.7,2024-10-07,518,N,n,N,Beni,Marban,San Andrés,935478.015
-15.44933,-61.26473,308.59,0.95,291.59,2024-08-16,518,N20,n,N,Santa Cruz,Velasco,San Ignacio de Velasco,4910231.16
-15.70154,-60.9033,303.48,1.93,283.16,2024-07-14,537,N20,n,N,Santa Cruz,Velasco,San Ignacio de Velasco,4910231.16
-15.42519,-62.85501,333.1,14.16,299.34,2024-08-26,1739,N,n,D,Santa Cruz,Guarayos,Urubicha,1046999.667
-15.19276,-63.17458,347.51,4.61,302.16,2024-09-10,1822,N20,n,D,Santa Cruz,Guarayos,Urubicha,1046999.667
-14.99992,-62.80703,318.82,3.36,295.63,2024-09-22,500,N,n,N,Santa Cruz,Ñuflo De Chavez,Concepción,3510852.308
-16.19987,-63.39333,333.7,2.44,291.2,2024-09-29,452,N20,n,N,Santa Cruz,Guarayos,El Puente,674484.183
-15.04739,-63.17588,308.53,1.18,285.27,2024-09-06,524,N20,n,N,Santa Cruz,Guarayos,Urubicha,1046999.667
-15.38664,-60.93796,344.81,18.35,308.25,2024-09-03,1713,N20,n,D,Santa Cruz,Velasco,San Ignacio de Velasco,4910231.16
-14.23026,-65.12071,342.76,16.73,309.59,2024-07-04,1733,N,n,D,Beni,Moxos,San Ignacio,2001132.642
-16.22202,-60.45705,333.53,1.85,305.82,2024-06-18,1732,N,l,D,Santa Cruz,Velasco,San Ignacio de Velasco,4910231.16
-17.82237,-58.00438,337.91,2.02,304.27,2024-09-01,1726,N,n,D,Santa Cruz,Angel Sandoval,San Matías,2708229.504
-17.81486,-57.9171,343.27,5.79,312.4,2024-09-08,1718,N20,n,D,Santa Cruz,Angel Sandoval,San Matías,2708229.504
-16.01677,-61.71587,340.49,13.36,301.17,2024-08-01,1708,N,n,D,Santa Cruz,Ñuflo De Chavez,Concepción,3510852.308
-15.24579,-62.10499,310.65,0.96,265.31,2024-09-21,519,N,n,N,Santa Cruz,Ñuflo De Chavez,Concepción,3510852.308
-16.62449,-60.38311,312.26,3.73,297.04,2024-09-12,448,N,n,N,Santa Cruz,Velasco,San Rafael,973100.718
-15.6803,-61.1718,307.3,7.7,296.1,2024-07-29,208,Terra,48,N,Santa Cruz,Velasco,San Ignacio de Velasco,4910231.16
-15.49908,-62.73274,321.83,2.34,289.89,2024-08-27,512,N20,n,N,Santa Cruz,Ñuflo De Chavez,Concepción,3510852.308
-16.33238,-59.77681,315.55,1.8,288.43,2024-07-02,602,N20,n,N,Santa Cruz,Velasco,San Ignacio de Velasco,4910231.16
-15.84356,-64.53095,311.65,4.58,300.44,2024-10-07,518,N,n,N,Santa Cruz,Guarayos,El Puente,674484.183
-13.78107,-60.5803,330.26,2.01,291.23,2024-10-12,524,N,n,N,Santa Cruz,Velasco,San Ignacio de Velasco,4910231.16
-17.85089,-58.08837,308.79,2.95,292.48,2024-09-10,550,N20,n,N,Santa Cruz,Angel Sandoval,San Matías,2708229.504
-14.91784,-61.3277,316.48,5.57,296.0,2024-08-31,513,N,n,N,Santa Cruz,Velasco,San Ignacio de Velasco,4910231.16
-17.5676,-58.2246,312.2,13.1,288.5,2024-08-27,155,Terra,34,N,Santa Cruz,Angel Sandoval,San Matías,2708229.504
-13.41654,-63.05281,345.65,7.9,295.15,2024-08-25,1759,N,n,D,Beni,Itenez,Magdalena,1363449.184
-14.35686,-63.02666,332.74,3.42,294.35,2024-09-24,1719,N20,n,D,Santa Cruz,Guarayos,Urubicha,1046999.667
-16.00635,-62.17005,304.34,0.87,291.63,2024-09-06,524,N20,n,N,Santa Cruz,Ñuflo De Chavez,Concepción,3510852.308
-13.5151,-63.67055,309.98,2.59,293.61,2024-09-23,621,N,n,N,Beni,Itenez,Baures,1761607.494
-16.71688,-59.99668,329.44,5.44,298.55,2024-09-04,538,N,n,N,Santa Cruz,Velasco,San Rafael,973100.718
-15.34567,-62.73763,301.96,1.29,289.95,2024-08-28,453,N20,n,N,Santa Cruz,Ñuflo De Chavez,Concepción,3510852.308
-17.54163,-58.15226,306.31,2.0,292.58,2024-09-04,422,N20,n,N,Santa Cruz,Angel Sandoval,San Matías,2708229.504
-16.65559,-61.51762,332.95,4.47,304.87,2024-07-26,1744,N20,l,D,Santa Cruz,Velasco,San Miguel de Velasco,954415.805
-15.98078,-61.88576,315.09,4.26,291.67,2024-10-06,602,N20,n,N,Santa Cruz,Ñuflo De Chavez,Concepción,3510852.308
-14.8033,-65.19679,367.0,91.45,297.48,2024-09-25,1840,N20,h,D,Beni,Moxos,San Ignacio,2001132.642
-14.47687,-63.07962,322.33,1.59,297.53,2024-10-02,536,N20,n,N,Santa Cruz,Guarayos,Urubicha,1046999.667
-14.08684,-64.58993,343.12,8.53,304.08,2024-09-04,1811,N,n,D,Beni,Mamore,San Ramón,1007855.847
-16.4149,-59.9423,323.9,13.5,307.9,2024-08-29,1845,Aqua,15,D,Santa Cruz,Velasco,San Rafael,973100.718
-17.98376,-59.4744,356.68,6.85,302.29,2024-09-29,1700,N,n,D,Santa Cruz,Angel Sandoval,San Matías,2708229.504
-15.73408,-63.56049,351.53,6.28,301.23,2024-10-22,1810,N,n,D,Beni,Marban,San Andrés,935478.015
-15.62599,-60.55924,343.68,3.91,311.05,2024-06-12,1745,N,n,D,Santa Cruz,Velasco,San Ignacio de Velasco,4910231.16
-12.65048,-64.36071,347.34,16.58,301.84,2024-09-20,1811,N,n,D,Beni,Mamore,San Ramón,1007855.847
-16.52229,-60.2734,310.15,1.28,294.11,2024-08-06,506,N20,n,N,Santa Cruz,Velasco,San Rafael,973100.718
-16.46745,-60.28664,311.02,3.72,298.13,2024-09-10,526,N,n,N,Santa Cruz,Velasco,San Ignacio de Velasco,4910231.16
-17.83751,-59.52057,313.95,2.23,294.27,2024-08-05,525,N20,n,N,Santa Cruz,Angel Sandoval,San Matías,2708229.504
-15.55507,-61.27129,338.05,3.76,303.93,2024-08-21,1733,N,n,D,Santa Cruz,Velasco,San Ignacio de Velasco,4910231.16
-14.80312,-65.5809,305.63,1.4,286.03,2024-10-04,615,N,n,N,Beni,Moxos,San Ignacio,2001132.642
-14.86639,-63.56282,319.82,2.13,292.5,2024-09-25,607,N20,n,N,Santa Cruz,Guarayos,Urubicha,1046999.667
-16.97762,-60.41332,351.37,11.9,304.99,2024-09-21,1751,N,n,D,Santa Cruz,Velasco,San Rafael,973100.718
-15.81401,-64.15745,342.59,19.93,305.84,2024-10-07,543,N20,n,N,Beni,Marban,San Andrés,935478.015
-13.3203,-64.8595,320.1,8.2,301.8,2024-09-20,1404,Terra,59,D,Beni,Mamore,San Joaquín,869243.103
-16.85669,-59.88499,338.41,4.09,304.69,2024-09-08,1718,N20,n,D,Santa Cruz,Velasco,San Rafael,973100.718
-17.45183,-59.23063,318.88,2.27,298.23,2024-08-06,506,N20,n,N,Santa Cruz,Angel Sandoval,San Matías,2708229.504
-18.72254,-63.32426,334.93,4.02,288.3,2024-05-21,527,N,n,N,Santa Cruz,Cordillera,Cabezas,505815.887
-15.23663,-63.13089,355.24,11.95,301.9,2024-09-05,1752,N,n,D,Santa Cruz,Guarayos,Urubicha,1046999.667
-15.26186,-62.64365,315.17,3.34,298.5,2024-09-03,440,N20,n,N,Santa Cruz,Ñuflo De Chavez,Concepción,3510852.308
-16.91172,-61.71568,307.68,1.68,294.6,2024-08-17,500,N20,n,N,Santa Cruz,Ñuflo De Chavez,San Antonio de Lomerio,250268.452
-17.66041,-58.22425,328.34,3.28,300.37,2024-08-22,506,N20,n,N,Santa Cruz,Angel Sandoval,San Matías,2708229.504
-15.8648,-62.70553,323.91,1.73,296.66,2024-09-10,526,N,n,N,Santa Cruz,Ñuflo De Chavez,San Javier,338137.628
-16.53688,-61.58017,357.63,11.27,302.45,2024-08-26,1739,N,n,D,Santa Cruz,Velasco,San Miguel de Velasco,954415.805
-17.36365,-59.13972,335.29,11.35,308.97,2024-08-31,1745,N,n,D,Santa Cruz,Angel Sandoval,San Matías,2708229.504
-15.15,-63.64984,338.9,6.87,304.06,2024-08-17,1732,N20,n,D,Santa Cruz,Guarayos,Ascención de Guarayos,867384.615
-15.31803,-63.31215,315.0,1.45,288.1,2024-08-26,531,N20,n,N,Santa Cruz,Guarayos,Ascención de Guarayos,867384.615
-13.24337,-64.43016,336.3,5.08,293.94,2024-08-25,1759,N,n,D,Beni,Mamore,San Ramón,1007855.847
-15.80833,-61.13986,322.83,1.86,288.88,2024-08-27,512,N20,n,N,Santa Cruz,Velasco,San Ignacio de Velasco,4910231.16
-11.37468,-68.75464,333.32,4.85,299.71,2024-10-18,1746,N,n,D,Pando,Manuripi,Filadelfia,1188576.23
-13.4877,-63.30822,367.0,9.04,301.9,2024-08-29,1824,N,h,D,Beni,Itenez,Baures,1761607.494
-12.99367,-64.21786,337.66,4.35,297.01,2024-07-09,1804,N20,n,D,Beni,Itenez,Magdalena,1363449.184
-15.03175,-62.01077,323.0,4.32,292.93,2024-09-30,550,N,n,N,Santa Cruz,Ñuflo De Chavez,Concepción,3510852.308
-14.9907,-62.7765,417.3,376.7,298.2,2024-09-28,203,Terra,100,N,Santa Cruz,Ñuflo De Chavez,Concepción,3510852.308
-16.54041,-59.94358,350.61,4.89,300.26,2024-08-18,1713,N20,n,D,Santa Cruz,Velasco,San Rafael,973100.718
-13.86833,-60.51423,301.0,1.01,277.99,2024-10-13,530,N20,n,N,Santa Cruz,Velasco,San Ignacio de Velasco,4910231.16
-16.55378,-60.39595,336.96,4.3,307.0,2024-09-06,1756,N20,l,D,Santa Cruz,Velasco,San Rafael,973100.718
-15.63647,-63.24194,339.38,5.87,298.59,2024-09-20,1810,N,n,D,Santa Cruz,Guarayos,Urubicha,1046999.667
-16.83489,-60.31268,310.73,1.93,286.9,2024-09-21,543,N20,n,N,Santa Cruz,Velasco,San Rafael,973100.718
-15.8337,-63.33176,339.29,2.15,306.26,2024-07-21,1714,N,n,D,Santa Cruz,Guarayos,Ascención de Guarayos,867384.615
-15.64077,-62.1433,337.76,5.2,304.43,2024-09-11,1739,N,n,D,Santa Cruz,Ñuflo De Chavez,Concepción,3510852.308
-16.46242,-59.74234,367.0,27.76,297.84,2024-08-14,556,N20,h,N,Santa Cruz,Velasco,San Rafael,973100.718
-15.0642,-63.8767,328.6,25.8,294.4,2024-09-06,204,Terra,100,N,Santa Cruz,Guarayos,Ascención de Guarayos,867384.615
-16.05336,-64.03924,331.87,21.37,292.58,2024-07-06,1719,N20,n,D,Santa Cruz,Guarayos,El Puente,674484.183
-13.39139,-64.12663,367.0,78.85,321.07,2024-10-12,1757,N,h,D,Beni,Itenez,Magdalena,1363449.184
-16.61761,-59.8618,339.39,4.1,296.66,2024-05-05,1758,N,n,D,Santa Cruz,Velasco,San Rafael,973100.718
-15.54336,-64.16895,339.97,7.49,301.33,2024-08-05,1733,N,n,D,Beni,Marban,San Andrés,935478.015
-15.70459,-62.52062,339.01,10.75,294.9,2024-09-19,1829,N,n,D,Santa Cruz,Ñuflo De Chavez,Concepción,3510852.308
-15.34787,-62.19554,339.34,3.81,301.0,2024-09-08,446,N20,n,N,Santa Cruz,Ñuflo De Chavez,Concepción,3510852.308
-16.31031,-62.58593,327.72,14.07,286.55,2024-07-29,1828,N20,n,D,Santa Cruz,Ñuflo De Chavez,San Javier,338137.628
-16.41112,-59.7834,314.49,1.86,296.78,2024-08-22,506,N20,n,N,Santa Cruz,Velasco,San Rafael,973100.718
-12.8947,-64.8661,306.4,11.0,294.8,2024-05-02,156,Terra,63,N,Beni,Mamore,San Joaquín,869243.103
-13.6338,-63.01529,346.21,21.21,301.1,2024-09-03,1830,N,n,D,Beni,Itenez,Baures,1761607.494
-13.54728,-66.09341,367.0,8.47,295.94,2024-07-22,1836,N,h,D,Beni,Yacuma,Exaltacion,2497316.752
-15.80589,-61.12458,315.2,2.64,296.06,2024-08-22,442,N,n,N,Santa Cruz,Velasco,San Ignacio de Velasco,4910231.16
-14.94708,-64.20692,295.69,0.84,264.23,2024-10-23,518,N,n,N,Beni,Marban,San Andrés,935478.015
-13.33377,-65.05791,207.93,132.09,319.07,2024-08-14,1829,N20,l,D,Beni,Mamore,San Joaquín,869243.103
-15.33721,-68.17912,331.59,3.42,274.94,2024-11-10,1854,N,n,D,La Paz,Larecaja,Mapiri,138061.308
-13.9621,-63.69888,321.34,1.78,289.64,2024-07-30,513,N,n,N,Beni,Itenez,Baures,1761607.494
-15.6017,-61.4945,333.4,21.4,306.3,2024-09-22,1831,Aqua,81,D,Santa Cruz,Ñuflo De Chavez,Concepción,3510852.308
-15.59953,-62.15102,353.23,57.73,312.72,2024-09-10,1758,N,n,D,Santa Cruz,Ñuflo De Chavez,Concepción,3510852.308
-14.9111,-63.3201,341.0,35.3,300.1,2024-10-02,1840,Aqua,84,D,Santa Cruz,Guarayos,Urubicha,1046999.667
-18.76261,-58.73488,304.08,0.99,278.61,2024-02-01,449,N,n,N,Santa Cruz,German Busch,Carmen Rivero Torrez,1101079.142
-14.89962,-61.63833,349.02,8.14,292.12,2024-09-06,500,N,n,N,Santa Cruz,Ñuflo De Chavez,Concepción,3510852.308
-15.32906,-62.65316,355.1,19.8,294.61,2024-08-25,1758,N,n,D,Santa Cruz,Ñuflo De Chavez,Concepción,3510852.308
-12.82163,-66.22497,350.85,14.72,302.81,2024-07-16,1733,N20,n,D,Beni,Yacuma,Exaltacion,2497316.752
-14.9415,-62.1925,323.4,28.6,298.7,2024-09-24,601,Aqua,98,N,Santa Cruz,Ñuflo De Chavez,Concepción,3510852.308
-15.0718,-60.8969,323.7,18.1,289.1,2024-08-26,611,Aqua,51,N,Santa Cruz,Velasco,San Ignacio de Velasco,4910231.16
-17.26939,-58.6456,344.8,9.1,308.57,2024-09-01,1726,N,n,D,Santa Cruz,Angel Sandoval,San Matías,2708229.504
-15.2819,-60.78477,340.42,8.98,300.08,2024-08-26,1739,N,n,D,Santa Cruz,Velasco,San Ignacio de Velasco,4910231.16
-14.9014,-61.5358,325.1,27.2,300.2,2024-09-11,208,Terra,100,N,Santa Cruz,Ñuflo De Chavez,Concepción,3510852.308
-17.88498,-58.57079,315.88,1.39,294.35,2024-10-02,513,N,n,N,Santa Cruz,Angel Sandoval,San Matías,2708229.504
-13.77504,-61.67675,309.32,2.26,295.66,2024-10-02,512,N,n,N,Santa Cruz,Velasco,San Ignacio de Velasco,4910231.16
-15.66916,-62.77923,307.79,1.76,295.17,2024-09-10,549,N20,n,N,Santa Cruz,Ñuflo De Chavez,Concepción,3510852.308
-15.41897,-62.9364,327.09,2.94,295.07,2024-09-21,543,N20,n,N,Santa Cruz,Guarayos,Urubicha,1046999.667
-16.26276,-61.6473,314.13,2.06,296.95,2024-09-10,549,N20,n,N,Santa Cruz,Velasco,San Ignacio de Velasco,4910231.16
-13.15562,-62.30474,330.43,3.52,303.98,2024-10-23,1751,N,l,D,Beni,Itenez,Baures,1761607.494
-17.56868,-58.13266,332.93,6.19,293.1,2024-08-26,1802,N20,n,D,Santa Cruz,Angel Sandoval,San Matías,2708229.504
-11.7026,-66.2599,332.1,23.0,300.2,2024-10-17,1406,Terra,80,D,Beni,Vaca Diez,Riberalta,972562.88
-15.47893,-62.61274,327.71,5.13,293.0,2024-08-22,622,N,n,N,Santa Cruz,Ñuflo De Chavez,Concepción,3510852.308
-16.6353,-64.4144,313.5,8.1,292.5,2024-09-30,1857,Aqua,50,D,Santa Cruz,Ichilo,Yapacaní,951411.755
-17.23752,-60.26742,367.0,20.54,306.95,2024-09-08,1654,N,h,D,Santa Cruz,Chiquitos,San Jose de Chiquitos,1912059.482
-15.11777,-63.69978,336.57,3.59,302.57,2024-08-17,1732,N20,n,D,Santa Cruz,Guarayos,Ascención de Guarayos,867384.615
-15.86867,-62.73088,309.87,1.67,294.49,2024-09-20,538,N,n,N,Santa Cruz,Ñuflo De Chavez,San Javier,338137.628
-14.9308,-67.0543,342.21,24.49,291.12,2024-11-28,1840,N20,n,D,Beni,General Jose Ballivi,San Borja,1348856.721
-16.60153,-59.98865,305.57,0.95,290.9,2024-09-06,501,N,n,N,Santa Cruz,Velasco,San Rafael,973100.718
-17.47734,-58.24652,344.51,10.44,305.4,2024-08-17,1707,N,n,D,Santa Cruz,Angel Sandoval,San Matías,2708229.504
-15.88715,-60.84903,313.81,1.69,296.2,2024-08-22,506,N20,n,N,Santa Cruz,Velasco,San Ignacio de Velasco,4910231.16
-15.92595,-63.12268,311.57,1.81,296.51,2024-09-04,538,N,n,N,Santa Cruz,Guarayos,Ascención de Guarayos,867384.615
-15.6083,-61.9257,335.2,75.3,294.9,2024-08-28,553,Aqua,100,N,Santa Cruz,Ñuflo De Chavez,Concepción,3510852.308
-17.29373,-58.48755,367.0,34.65,304.53,2024-08-02,1648,N,h,D,Santa Cruz,Angel Sandoval,San Matías,2708229.504
-15.0918,-63.05358,308.07,2.11,297.26,2024-09-09,544,N,n,N,Santa Cruz,Guarayos,Urubicha,1046999.667
-15.39609,-63.31792,316.67,6.86,294.19,2024-09-05,519,N,n,N,Santa Cruz,Guarayos,Ascención de Guarayos,867384.615
-14.78155,-62.19748,295.3,0.68,261.54,2024-09-27,530,N20,n,N,Santa Cruz,Ñuflo De Chavez,Concepción,3510852.308
-16.29032,-61.33867,300.32,0.66,280.29,2024-04-05,513,N20,n,N,Santa Cruz,Velasco,San Miguel de Velasco,954415.805
-16.78153,-63.63915,344.61,13.58,299.2,2024-09-07,1714,N,n,D,Santa Cruz,Sara,Santa Rosa del Sara,411372.581
-17.59566,-59.31664,350.74,15.87,307.66,2024-08-29,1706,N20,n,D,Santa Cruz,Angel Sandoval,San Matías,2708229.504
-15.14574,-61.27122,311.14,1.8,296.2,2024-08-16,454,N,n,N,Santa Cruz,Velasco,San Ignacio de Velasco,4910231.16
-15.6984,-61.61893,331.66,4.71,290.04,2024-05-21,551,N20,n,N,Santa Cruz,Ñuflo De Chavez,Concepción,3510852.308
-13.76866,-62.79826,342.08,36.35,313.06,2024-08-05,1758,N20,n,D,Beni,Itenez,Baures,1761607.494
-15.361,-63.39728,304.59,1.95,270.29,2024-08-24,545,N,n,N,Santa Cruz,Guarayos,Ascención de Guarayos,867384.615
-14.21733,-62.93064,301.05,3.82,279.38,2024-09-30,550,N,n,N,Santa Cruz,Ñuflo De Chavez,Concepción,3510852.308
-13.52385,-63.29465,356.88,32.77,324.14,2024-08-21,1734,N,n,D,Beni,Itenez,Baures,1761607.494
-16.41984,-59.17086,339.44,3.74,300.42,2024-07-30,1745,N,n,D,Santa Cruz,Angel Sandoval,San Matías,2708229.504
-15.74039,-62.04902,367.0,11.82,288.05,2024-09-01,454,N,h,N,Santa Cruz,Ñuflo De Chavez,Concepción,3510852.308
-14.79216,-61.79308,347.97,8.34,294.46,2024-09-27,1802,N20,n,D,Santa Cruz,Ñuflo De Chavez,Concepción,3510852.308
-15.13207,-61.78749,299.21,0.55,276.53,2024-09-21,519,N,n,N,Santa Cruz,Ñuflo De Chavez,Concepción,3510852.308
-17.38246,-59.51063,310.95,0.81,289.21,2024-08-14,532,N,n,N,Santa Cruz,Angel Sandoval,San Matías,2708229.504
-15.63021,-67.02889,333.92,4.16,293.96,2024-10-21,1828,N,n,D,La Paz,Sur Yungas,Palos Blancos,360458.365
-15.45759,-60.69716,334.27,5.39,302.63,2024-08-20,1752,N,n,D,Santa Cruz,Velasco,San Ignacio de Velasco,4910231.16
-15.9734,-62.2868,336.1,56.7,306.0,2024-09-08,1856,Aqua,85,D,Santa Cruz,Ñuflo De Chavez,Concepción,3510852.308
-16.20345,-61.89961,319.26,3.67,292.27,2024-08-29,551,N,n,N,Santa Cruz,Ñuflo De Chavez,Concepción,3510852.308
-15.36203,-62.1972,307.58,2.58,297.18,2024-09-11,530,N20,n,N,Santa Cruz,Ñuflo De Chavez,Concepción,3510852.308
-12.35126,-66.34066,313.54,1.27,286.61,2024-09-25,543,N,n,N,Beni,General Jose Ballivi,Santa Rosa,1210566.888
-15.53022,-60.92413,356.67,107.28,283.92,2024-08-12,1702,N,l,D,Santa Cruz,Velasco,San Ignacio de Velasco,4910231.16
-17.34062,-60.35896,299.84,0.68,285.35,2024-08-27,448,N,n,N,Santa Cruz,Chiquitos,San Jose de Chiquitos,1912059.482
-16.84754,-58.55332,367.0,114.15,298.43,2024-08-02,1648,N,h,D,Santa Cruz,Angel Sandoval,San Matías,2708229.504
-17.472,-59.6882,308.41,1.14,293.28,2024-09-05,520,N,n,N,Santa Cruz,Chiquitos,San Jose de Chiquitos,1912059.482
-14.8537,-64.78384,339.54,7.33,298.52,2024-08-22,1714,N,n,D,Beni,Cercado,Trinidad,253852.066
-16.5714,-60.1952,336.8,44.9,299.8,2024-07-01,1809,Aqua,88,D,Santa Cruz,Velasco,San Rafael,973100.718
-12.82788,-64.22614,322.33,2.49,297.24,2024-09-25,543,N,n,N,Beni,Itenez,Magdalena,1363449.184
-12.0895,-65.474,304.2,5.8,292.5,2024-08-30,218,Terra,59,N,Beni,Yacuma,Exaltacion,2497316.752
-13.64185,-63.19525,317.05,2.58,297.49,2024-09-11,530,N20,n,N,Beni,Itenez,Baures,1761607.494
-12.96127,-67.58633,352.29,8.48,319.46,2024-08-30,1805,N,n,D,La Paz,Abel Iturralde,Ixiamas,3745288.103
-18.62029,-58.21602,312.1,1.21,282.49,2024-01-11,532,N20,n,N,Santa Cruz,German Busch,Carmen Rivero Torrez,1101079.142
-15.83905,-65.27641,332.53,4.74,299.85,2024-09-24,1718,N20,n,D,Cochabamba,Chapare,Villa Tunari,1456095.378
-13.10444,-65.57297,337.63,28.15,297.64,2024-08-01,1849,N,n,D,Beni,Yacuma,Exaltacion,2497316.752
-16.07438,-61.9533,305.7,1.13,292.64,2024-08-15,537,N20,n,N,Santa Cruz,Ñuflo De Chavez,Concepción,3510852.308
-17.19773,-58.72793,344.91,14.06,306.96,2024-08-04,1751,N,n,D,Santa Cruz,Angel Sandoval,San Matías,2708229.504
-16.02799,-61.30334,329.79,6.43,291.05,2024-01-26,551,N20,n,N,Santa Cruz,Velasco,San Ignacio de Velasco,4910231.16
-15.06731,-63.21003,322.1,2.29,300.25,2024-09-11,530,N20,n,N,Santa Cruz,Guarayos,Urubicha,1046999.667
-17.20817,-60.27084,316.67,0.98,293.23,2024-09-05,520,N,n,N,Santa Cruz,Chiquitos,San Jose de Chiquitos,1912059.482
-15.05288,-63.82534,330.21,3.43,294.8,2024-08-26,1739,N,n,D,Santa Cruz,Guarayos,Ascención de Guarayos,867384.615
-17.57824,-58.61142,342.9,4.21,306.14,2024-09-10,1757,N,n,D,Santa Cruz,Angel Sandoval,San Matías,2708229.504
-15.4942,-61.028,328.4,33.0,300.6,2024-07-30,1809,Aqua,74,D,Santa Cruz,Velasco,San Ignacio de Velasco,4910231.16
-14.83287,-60.69165,317.05,11.9,292.8,2024-09-06,524,N20,n,N,Santa Cruz,Velasco,San Ignacio de Velasco,4910231.16
-15.62285,-62.65021,314.7,4.27,296.77,2024-09-07,505,N20,n,N,Santa Cruz,Ñuflo De Chavez,Concepción,3510852.308
-12.26567,-65.40454,313.62,7.12,295.68,2024-08-31,536,N20,n,N,Beni,Yacuma,Exaltacion,2497316.752
-15.58648,-61.21232,336.37,13.1,300.81,2024-08-26,1739,N,n,D,Santa Cruz,Velasco,San Ignacio de Velasco,4910231.16
-15.43496,-63.41637,330.99,3.58,304.0,2024-07-15,1751,N20,l,D,Santa Cruz,Guarayos,Ascención de Guarayos,867384.615
-12.89313,-65.84522,333.15,22.12,305.05,2024-09-02,1732,N20,l,D,Beni,Yacuma,Exaltacion,2497316.752
-15.38688,-60.46341,352.64,100.09,302.0,2024-08-30,1648,N20,n,D,Santa Cruz,Velasco,San Ignacio de Velasco,4910231.16
-17.74195,-58.03135,323.65,1.92,294.56,2024-09-01,519,N20,n,N,Santa Cruz,Angel Sandoval,San Matías,2708229.504
-14.40156,-64.38008,346.6,16.86,298.09,2024-06-14,1733,N20,n,D,Beni,Cercado,San Javier,817332.335
-15.56767,-63.76361,307.0,2.78,288.75,2024-10-04,459,N20,n,N,Beni,Marban,San Andrés,935478.015
-16.66114,-59.86346,333.49,4.71,304.86,2024-08-28,1701,N,l,D,Santa Cruz,Velasco,San Rafael,973100.718
-12.51382,-64.40424,305.75,0.96,291.45,2024-08-15,536,N20,n,N,Beni,Mamore,San Joaquín,869243.103
-17.28197,-60.36758,306.88,1.22,295.93,2024-09-12,512,N20,n,N,Santa Cruz,Chiquitos,San Jose de Chiquitos,1912059.482
-15.79104,-63.44944,305.36,2.14,291.83,2024-09-14,551,N,n,N,Beni,Marban,San Andrés,935478.015
-16.24338,-61.74763,307.52,1.03,292.9,2024-08-20,520,N,n,N,Santa Cruz,Ñuflo De Chavez,Concepción,3510852.308
-14.81998,-66.6218,337.87,3.59,298.24,2024-09-20,1834,N20,n,D,Beni,General Jose Ballivi,San Borja,1348856.721
-15.58179,-62.62376,322.9,3.09,293.57,2024-09-12,448,N,n,N,Santa Cruz,Ñuflo De Chavez,Concepción,3510852.308
-14.68185,-62.75077,310.79,2.95,281.4,2024-10-06,601,N20,n,N,Santa Cruz,Ñuflo De Chavez,Concepción,3510852.308
-16.17184,-60.82153,338.93,3.6,271.4,2024-11-30,530,N20,n,N,Santa Cruz,Velasco,San Ignacio de Velasco,4910231.16
-17.6811,-59.3021,312.0,24.3,294.6,2024-09-05,123,Terra,82,N,Santa Cruz,Angel Sandoval,San Matías,2708229.504
-14.50912,-61.71287,337.79,219.14,300.01,2024-10-12,1757,N,n,D,Santa Cruz,Velasco,San Ignacio de Velasco,4910231.16
-16.67312,-58.96756,367.0,77.2,301.15,2024-08-03,1654,N20,h,D,Santa Cruz,Angel Sandoval,San Matías,2708229.504
-17.37984,-59.02829,367.0,93.03,327.35,2024-08-30,1804,N,l,D,Santa Cruz,Angel Sandoval,San Matías,2708229.504
-15.62409,-65.27266,350.48,10.17,297.69,2024-08-28,1725,N20,n,D,Beni,Moxos,San Ignacio,2001132.642
-16.4052,-61.62255,320.94,3.54,295.28,2024-08-31,537,N20,n,N,Santa Cruz,Velasco,San Miguel de Velasco,954415.805
-13.67955,-64.55669,347.46,35.65,292.37,2024-07-14,1810,N20,n,D,Beni,Mamore,San Ramón,1007855.847
-15.06056,-62.049,331.57,3.09,296.52,2024-10-02,1745,N,n,D,Santa Cruz,Ñuflo De Chavez,Concepción,3510852.308
-17.11233,-60.07544,305.93,0.87,292.91,2024-09-05,520,N,n,N,Santa Cruz,Velasco,San Rafael,973100.718
-14.73544,-61.30177,316.04,2.5,294.9,2024-10-09,505,N20,n,N,Santa Cruz,Velasco,San Ignacio de Velasco,4910231.16
-17.32683,-59.04941,310.11,3.24,291.38,2024-09-04,602,N20,n,N,Santa Cruz,Angel Sandoval,San Matías,2708229.504
-21.43115,-63.50941,341.55,7.64,302.19,2024-12-20,1825,N20,n,D,Tarija,Gran Chaco,Villamontes,1178412.511
-15.63333,-64.57655,341.09,4.99,311.51,2024-10-01,1803,N,l,D,Beni,Marban,Loreto,536417.598
-15.43791,-65.32701,326.97,8.04,291.2,2024-08-23,1719,N20,n,D,Beni,Moxos,San Ignacio,2001132.642
-17.25803,-58.81427,309.18,1.65,294.27,2024-09-07,506,N20,n,N,Santa Cruz,Angel Sandoval,San Matías,2708229.504
-18.5914,-59.13846,329.23,2.98,296.06,2024-08-06,507,N20,n,N,Santa Cruz,Chiquitos,Robore,735349.232
-14.40533,-62.93142,317.01,3.28,290.68,2024-10-09,505,N20,n,N,Santa Cruz,Ñuflo De Chavez,Concepción,3510852.308
-15.84692,-64.20587,356.75,38.03,287.78,2024-08-23,1655,N,l,D,Santa Cruz,Guarayos,El Puente,674484.183
-15.37702,-65.63392,335.43,5.35,294.64,2024-10-06,1834,N20,n,D,Beni,Moxos,San Ignacio,2001132.642
-15.35087,-62.30917,317.36,2.41,298.17,2024-09-25,544,N,n,N,Santa Cruz,Ñuflo De Chavez,Concepción,3510852.308
-16.9828,-64.70955,367.0,7.76,296.28,2024-10-05,1828,N,h,D,Cochabamba,Carrasco,Puerto Villarroel,224074.541
-15.94935,-62.23011,307.59,1.04,292.4,2024-09-05,519,N,n,N,Santa Cruz,Ñuflo De Chavez,Concepción,3510852.308
-15.54261,-63.64148,341.13,5.14,304.61,2024-07-02,1810,N,n,D,Santa Cruz,Guarayos,Ascención de Guarayos,867384.615
-18.05882,-57.74267,355.92,5.66,310.62,2024-09-29,1724,N20,n,D,Santa Cruz,German Busch,Puerto Suarez,1298155.148
-15.4115,-62.1731,318.4,15.4,302.4,2024-09-08,1856,Aqua,39,D,Santa Cruz,Ñuflo De Chavez,Concepción,3510852.308
-15.8901,-62.82739,310.87,111.9,311.16,2024-09-19,1712,N20,l,D,Santa Cruz,Guarayos,Ascención de Guarayos,867384.615
-16.03469,-62.63202,305.99,0.86,291.88,2024-09-12,448,N,n,N,Santa Cruz,Ñuflo De Chavez,San Javier,338137.628
-16.50286,-60.12645,307.37,0.84,292.39,2024-08-15,513,N,n,N,Santa Cruz,Velasco,San Rafael,973100.718
-15.66693,-61.94741,344.26,7.93,285.71,2024-08-25,1758,N,n,D,Santa Cruz,Ñuflo De Chavez,Concepción,3510852.308
-17.42606,-60.2716,340.84,4.62,308.37,2024-09-07,1737,N20,n,D,Santa Cruz,Chiquitos,San Jose de Chiquitos,1912059.482
-11.1913,-65.4849,314.8,27.7,299.1,2024-07-19,1426,Terra,70,D,Beni,Vaca Diez,Guayaramerín,650218.903
-13.69624,-63.02188,351.63,69.01,309.85,2024-09-07,1714,N,n,D,Beni,Itenez,Baures,1761607.494
-15.43679,-63.09209,319.64,3.07,298.01,2024-08-31,537,N20,n,N,Santa Cruz,Guarayos,Urubicha,1046999.667
-15.60809,-62.63712,337.77,3.89,298.52,2024-09-11,530,N20,n,N,Santa Cruz,Ñuflo De Chavez,Concepción,3510852.308
-17.96856,-59.54111,347.33,6.51,304.59,2024-09-11,507,N,n,N,Santa Cruz,Chiquitos,Robore,735349.232
-17.4331,-59.6111,314.9,9.9,298.1,2024-09-12,610,Aqua,90,N,Santa Cruz,Chiquitos,San Jose de Chiquitos,1912059.482
-15.65847,-64.50402,335.23,6.81,302.23,2024-10-02,1809,N20,n,D,Beni,Marban,Loreto,536417.598
-16.5455,-64.0799,328.9,17.4,304.7,2024-09-10,1838,Aqua,79,D,Santa Cruz,Ichilo,San Juan,157797.678
-16.21403,-61.93991,312.37,2.39,294.4,2024-09-08,447,N20,n,N,Santa Cruz,Ñuflo De Chavez,Concepción,3510852.308
-15.68552,-62.7978,323.16,2.75,298.57,2024-09-11,530,N20,n,N,Santa Cruz,Guarayos,Urubicha,1046999.667
-16.3087,-59.6792,322.0,17.4,300.1,2024-09-08,146,Terra,100,N,Santa Cruz,Velasco,San Ignacio de Velasco,4910231.16
-17.18429,-59.45012,312.03,2.5,292.55,2024-08-03,603,N20,n,N,Santa Cruz,Angel Sandoval,San Matías,2708229.504
-13.27521,-63.1269,327.86,3.57,292.0,2024-10-11,543,N,n,N,Beni,Itenez,Magdalena,1363449.184
-15.63479,-62.55398,311.83,2.95,293.04,2024-09-20,601,N20,n,N,Santa Cruz,Ñuflo De Chavez,Concepción,3510852.308
-17.81076,-58.13487,311.99,3.88,298.54,2024-09-11,531,N20,n,N,Santa Cruz,Angel Sandoval,San Matías,2708229.504
-14.61076,-62.44673,331.82,4.71,292.03,2024-10-01,531,N,n,N,Santa Cruz,Ñuflo De Chavez,Concepción,3510852.308
-14.55198,-61.11461,308.95,1.9,292.73,2024-09-06,500,N,n,N,Santa Cruz,Velasco,San Ignacio de Velasco,4910231.16
-15.34819,-60.78921,301.85,2.61,290.32,2024-08-28,429,N,n,N,Santa Cruz,Velasco,San Ignacio de Velasco,4910231.16
-17.52773,-58.32883,357.48,17.72,313.14,2024-08-06,1713,N,n,D,Santa Cruz,Angel Sandoval,San Matías,2708229.504
-15.74247,-62.10172,310.32,2.3,290.17,2024-09-02,616,N,n,N,Santa Cruz,Ñuflo De Chavez,Concepción,3510852.308
-15.47831,-63.45543,355.39,15.71,297.15,2024-09-05,1815,N20,n,D,Santa Cruz,Guarayos,Ascención de Guarayos,867384.615
-17.67828,-57.95802,344.47,9.43,302.93,2024-08-23,447,N20,n,N,Santa Cruz,Angel Sandoval,San Matías,2708229.504
-14.8721,-61.6223,354.0,79.0,290.4,2024-09-15,1844,Aqua,0,D,Santa Cruz,Ñuflo De Chavez,Concepción,3510852.308
-12.69472,-63.09677,312.04,1.98,294.86,2024-10-02,536,N20,n,N,Beni,Itenez,Magdalena,1363449.184
-11.12419,-68.92827,302.22,0.88,278.9,2024-10-19,517,N20,n,N,Pando,Nicolas Suarez,Cobija,45109.457
-13.3547,-64.72105,367.0,236.12,299.51,2024-07-18,1655,N20,h,D,Beni,Mamore,San Ramón,1007855.847
-15.77499,-61.83718,338.14,3.1,290.76,2024-08-06,506,N20,n,N,Santa Cruz,Ñuflo De Chavez,Concepción,3510852.308
-17.07148,-58.98109,345.92,6.08,305.12,2024-07-18,1810,N,n,D,Santa Cruz,Angel Sandoval,San Matías,2708229.504
-17.46411,-59.85394,346.23,12.68,305.69,2024-09-02,1707,N,n,D,Santa Cruz,Chiquitos,San Jose de Chiquitos,1912059.482
-14.905,-60.73406,349.97,36.02,301.66,2024-09-03,1829,N,n,D,Santa Cruz,Velasco,San Ignacio de Velasco,4910231.16
-17.79185,-58.20632,334.26,5.54,303.45,2024-09-09,428,N20,n,N,Santa Cruz,Angel Sandoval,San Matías,2708229.504
-16.84503,-59.51432,319.73,3.92,298.84,2024-08-22,442,N,n,N,Santa Cruz,Velasco,San Rafael,973100.718
-15.87741,-62.85502,349.47,14.95,301.76,2024-09-06,1756,N20,n,D,Santa Cruz,Guarayos,Ascención de Guarayos,867384.615
-15.6922,-62.3932,313.6,8.9,296.5,2024-09-22,619,Aqua,87,N,Santa Cruz,Ñuflo De Chavez,Concepción,3510852.308
-14.04908,-67.90971,334.24,5.83,294.47,2024-11-05,1732,N20,n,D,La Paz,Abel Iturralde,Ixiamas,3745288.103
-17.02148,-60.62063,307.21,1.59,289.58,2024-08-07,604,N,n,N,Santa Cruz,Velasco,San Rafael,973100.718
-15.41618,-62.9715,347.77,7.17,306.74,2024-09-22,1756,N20,n,D,Santa Cruz,Guarayos,Urubicha,1046999.667
-17.07383,-58.90938,337.23,5.56,305.26,2024-07-18,1810,N,n,D,Santa Cruz,Angel Sandoval,San Matías,2708229.504
-16.33614,-59.77124,347.9,30.15,310.12,2024-06-24,1719,N,n,D,Santa Cruz,Velasco,San Ignacio de Velasco,4910231.16
-17.78149,-61.67002,343.22,99.65,304.29,2024-07-16,1731,N20,n,D,Santa Cruz,Chiquitos,Pailón,1372611.082
-12.66296,-66.69804,332.72,3.84,291.93,2024-08-25,1823,N20,n,D,Beni,General Jose Ballivi,Reyes,1264166.592
-18.70306,-63.57716,347.8,12.59,307.91,2024-10-07,1814,N20,n,D,Santa Cruz,Cordillera,Cabezas,505815.887
-15.02873,-60.52216,316.83,6.23,286.75,2024-09-05,519,N,n,N,Santa Cruz,Velasco,San Ignacio de Velasco,4910231.16
-16.5947,-64.3159,319.2,17.0,295.9,2024-11-30,1837,Aqua,68,D,Santa Cruz,Ichilo,Yapacaní,951411.755
-17.12609,-63.02993,321.18,7.1,288.62,2024-10-16,434,N20,n,N,Santa Cruz,Warnes,Warnes,131530.529
-15.18791,-61.68881,311.22,2.05,296.16,2024-09-10,549,N20,n,N,Santa Cruz,Ñuflo De Chavez,Concepción,3510852.308
-14.29538,-63.11642,316.76,2.32,296.76,2024-10-02,512,N,n,N,Santa Cruz,Guarayos,Urubicha,1046999.667
-16.90807,-59.56339,310.96,1.4,293.2,2024-08-29,434,N20,n,N,Santa Cruz,Velasco,San Rafael,973100.718
-17.42825,-59.4187,318.49,1.54,296.99,2024-08-06,506,N20,n,N,Santa Cruz,Angel Sandoval,San Matías,2708229.504
-17.71346,-60.0084,356.49,18.51,307.54,2024-06-25,1700,N,n,D,Santa Cruz,Chiquitos,San Jose de Chiquitos,1912059.482
-15.3406,-65.14857,332.51,6.15,293.2,2024-10-04,1707,N,n,D,Beni,Moxos,San Ignacio,2001132.642
-16.59389,-60.0699,347.26,4.37,307.62,2024-08-31,1745,N,n,D,Santa Cruz,Velasco,San Rafael,973100.718
-15.02931,-63.51951,312.48,2.3,289.06,2024-10-04,458,N20,n,N,Santa Cruz,Guarayos,Urubicha,1046999.667
-15.974,-62.83914,338.11,8.43,302.51,2024-09-01,1750,N20,n,D,Santa Cruz,Guarayos,Ascención de Guarayos,867384.615
-15.4002,-61.4292,313.5,8.8,295.7,2024-09-05,1352,Terra,40,D,Santa Cruz,Velasco,San Ignacio de Velasco,4910231.16
-17.04323,-59.37601,311.66,2.47,293.52,2024-07-29,416,N20,n,N,Santa Cruz,Angel Sandoval,San Matías,2708229.504
-17.13718,-60.20983,367.0,11.94,292.74,2024-09-25,1816,N,h,D,Santa Cruz,Velasco,San Rafael,973100.718
-16.35348,-63.61322,332.02,1.86,298.96,2024-10-05,1712,N20,n,D,Santa Cruz,Obispo Santisteban,San Pedro,308117.248
-15.48043,-61.32952,330.53,34.51,299.42,2024-08-20,1816,N20,n,D,Santa Cruz,Velasco,San Ignacio de Velasco,4910231.16
-17.95134,-59.42025,310.08,1.92,281.22,2024-10-07,519,N,n,N,Santa Cruz,Angel Sandoval,San Matías,2708229.504
-15.32783,-63.49051,310.6,2.51,287.08,2024-08-26,507,N,n,N,Santa Cruz,Guarayos,Ascención de Guarayos,867384.615
-13.4602,-63.388,318.8,19.2,296.4,2024-10-05,149,Terra,98,N,Beni,Itenez,Baures,1761607.494
-16.5741,-60.4817,340.1,38.4,307.1,2024-09-10,1838,Aqua,87,D,Santa Cruz,Velasco,San Ignacio de Velasco,4910231.16
-15.53357,-61.72842,310.19,2.83,292.89,2024-09-21,519,N,n,N,Santa Cruz,Ñuflo De Chavez,Concepción,3510852.308
-15.63167,-61.45667,345.59,49.37,301.99,2024-09-05,1752,N,n,D,Santa Cruz,Ñuflo De Chavez,Concepción,3510852.308
-14.53491,-62.25467,332.97,2.25,297.33,2024-10-12,524,N,n,N,Santa Cruz,Ñuflo De Chavez,Concepción,3510852.308
-13.6939,-65.53164,330.8,4.14,297.67,2024-09-13,1842,N,n,D,Beni,Yacuma,Santa Ana de Yacuma,2009278.188
-14.71993,-68.50287,340.89,20.61,307.77,2024-09-11,1803,N20,n,D,La Paz,Franz Tamayo,Apolo,1396952.172
-14.79451,-60.94947,328.92,2.17,284.29,2024-08-26,531,N20,n,N,Santa Cruz,Velasco,San Ignacio de Velasco,4910231.16
-12.23443,-65.07014,347.36,6.36,304.74,2024-09-10,1759,N,n,D,Beni,Mamore,Puerto Siles,207114.453
-13.33755,-65.0481,340.25,21.32,299.28,2024-06-17,1817,N20,n,D,Beni,Mamore,San Joaquín,869243.103
-16.52477,-66.58338,332.64,10.04,295.85,2024-08-16,1727,N,n,D,Cochabamba,Ayopaya,Morochata,740233.332
-17.33408,-59.04744,328.45,7.15,295.31,2024-09-02,436,N,n,N,Santa Cruz,Angel Sandoval,San Matías,2708229.504
-21.95563,-63.27726,341.97,5.16,290.37,2024-01-14,437,N20,n,N,Tarija,Gran Chaco,Yacuiba,364068.557
-17.00793,-59.42916,347.38,21.78,304.26,2024-08-17,1707,N,n,D,Santa Cruz,Angel Sandoval,San Matías,2708229.504
-18.54997,-57.73223,332.68,21.72,302.1,2024-09-09,428,N20,n,N,Santa Cruz,German Busch,Puerto Quijarro,145026.251
-17.81661,-59.37425,348.68,8.63,309.18,2024-09-08,1718,N20,n,D,Santa Cruz,Angel Sandoval,San Matías,2708229.504
-14.67369,-61.07915,308.45,0.9,290.65,2024-09-06,524,N20,n,N,Santa Cruz,Velasco,San Ignacio de Velasco,4910231.16
-15.91084,-61.27495,367.0,10.95,291.58,2024-06-20,603,N,h,N,Santa Cruz,Velasco,San Ignacio de Velasco,4910231.16
-17.38571,-60.01434,308.38,1.88,296.23,2024-09-12,512,N20,n,N,Santa Cruz,Chiquitos,San Jose de Chiquitos,1912059.482
-15.35523,-62.99277,309.34,1.98,295.16,2024-09-21,519,N,n,N,Santa Cruz,Guarayos,Urubicha,1046999.667
-10.52625,-65.54139,349.7,9.92,298.61,2024-09-13,1726,N20,n,D,Beni,Vaca Diez,Guayaramerín,650218.903
-15.75892,-60.91094,316.53,1.86,290.17,2024-07-19,519,N,n,N,Santa Cruz,Velasco,San Ignacio de Velasco,4910231.16
-13.13741,-67.7465,351.71,13.61,306.4,2024-08-26,1804,N20,n,D,La Paz,Abel Iturralde,Ixiamas,3745288.103
-13.67282,-63.97236,329.39,5.52,293.01,2024-08-03,602,N20,n,N,Beni,Itenez,Huacaraje,446422.634
-15.7312,-60.78595,342.06,5.06,306.14,2024-07-26,1744,N20,n,D,Santa Cruz,Velasco,San Ignacio de Velasco,4910231.16
-16.01926,-61.65414,330.7,2.08,292.32,2024-09-05,543,N20,n,N,Santa Cruz,Velasco,San Ignacio de Velasco,4910231.16
-17.78868,-59.55775,316.84,2.59,294.05,2024-07-22,604,N,n,N,Santa Cruz,Chiquitos,Robore,735349.232
-13.47226,-63.27163,307.21,3.25,291.65,2024-10-03,453,N,n,N,Beni,Itenez,Baures,1761607.494
-21.91024,-63.39021,321.06,3.61,260.91,2024-12-07,500,N20,n,N,Tarija,Gran Chaco,Yacuiba,364068.557
-12.41949,-65.16741,299.4,1.09,288.77,2024-08-26,530,N20,n,N,Beni,Yacuma,Exaltacion,2497316.752
-14.91904,-61.58493,311.8,1.36,293.57,2024-09-06,524,N20,n,N,Santa Cruz,Ñuflo De Chavez,Concepción,3510852.308
-17.64856,-57.9156,339.65,5.79,308.6,2024-08-29,1706,N20,n,D,Santa Cruz,Angel Sandoval,San Matías,2708229.504
-15.87536,-64.05672,315.82,4.6,277.3,2024-11-01,434,N20,n,N,Santa Cruz,Guarayos,El Puente,674484.183
-14.59262,-62.79892,305.66,1.88,281.55,2024-10-09,440,N,n,N,Santa Cruz,Ñuflo De Chavez,Concepción,3510852.308
-17.01645,-58.74478,339.21,5.47,294.94,2024-07-10,1744,N20,n,D,Santa Cruz,Angel Sandoval,San Matías,2708229.504
-15.6985,-62.04638,322.45,3.6,296.38,2024-09-04,538,N,n,N,Santa Cruz,Ñuflo De Chavez,Concepción,3510852.308
-14.2752,-61.60857,349.35,11.08,294.04,2024-10-11,1816,N,n,D,Santa Cruz,Velasco,San Ignacio de Velasco,4910231.16
-14.96441,-62.21246,309.95,2.61,296.83,2024-09-23,441,N,n,N,Santa Cruz,Ñuflo De Chavez,Concepción,3510852.308
-16.04977,-60.44476,317.99,2.23,287.85,2024-05-30,442,N20,n,N,Santa Cruz,Velasco,San Ignacio de Velasco,4910231.16
-15.54653,-60.92591,367.0,8.95,296.01,2024-08-12,1702,N,h,D,Santa Cruz,Velasco,San Ignacio de Velasco,4910231.16
-17.11952,-59.51608,314.65,2.36,296.69,2024-09-09,428,N20,n,N,Santa Cruz,Angel Sandoval,San Matías,2708229.504
-15.15396,-63.19618,343.42,10.08,303.71,2024-09-10,1822,N20,n,D,Santa Cruz,Guarayos,Urubicha,1046999.667
-16.51252,-67.01038,337.03,4.34,296.35,2024-07-21,1714,N,n,D,La Paz,Inquisivi,Inquisivi,327686.595
-13.74117,-63.92427,314.94,2.08,296.46,2024-08-16,518,N20,n,N,Beni,Itenez,Huacaraje,446422.634
-16.25913,-61.64599,332.84,9.5,302.46,2024-09-08,1655,N,n,D,Santa Cruz,Velasco,San Ignacio de Velasco,4910231.16
-16.37031,-60.03414,351.89,31.78,317.01,2024-08-06,1738,N20,n,D,Santa Cruz,Velasco,San Ignacio de Velasco,4910231.16
-17.25789,-59.41603,309.02,0.81,293.14,2024-07-28,435,N20,n,N,Santa Cruz,Angel Sandoval,San Matías,2708229.504
-15.95179,-61.74968,309.69,1.14,293.83,2024-09-08,447,N20,n,N,Santa Cruz,Ñuflo De Chavez,Concepción,3510852.308
-15.46403,-62.20716,367.0,106.5,331.21,2024-09-23,1737,N20,h,D,Santa Cruz,Ñuflo De Chavez,Concepción,3510852.308
-15.4368,-62.4364,317.2,13.2,298.3,2024-09-12,609,Aqua,94,N,Santa Cruz,Ñuflo De Chavez,Concepción,3510852.308
-11.27433,-66.31034,333.74,21.4,289.05,2024-09-14,1848,N20,n,D,Pando,Madre De Dios,Puerto Gonzales Moreno,129301.226
-17.45209,-58.94629,367.0,9.75,305.58,2024-09-09,428,N20,h,N,Santa Cruz,Angel Sandoval,San Matías,2708229.504
-15.09543,-61.91384,310.51,3.04,296.96,2024-10-02,536,N20,n,N,Santa Cruz,Ñuflo De Chavez,Concepción,3510852.308
-16.38816,-64.06242,311.4,2.24,297.4,2024-09-11,531,N20,n,N,Santa Cruz,Sara,Santa Rosa del Sara,411372.581
-15.12698,-63.12094,335.25,13.48,294.88,2024-08-26,1803,N20,n,D,Santa Cruz,Guarayos,Urubicha,1046999.667
-16.59456,-59.58261,332.84,8.83,307.0,2024-08-20,1751,N,l,D,Santa Cruz,Velasco,San Rafael,973100.718
-14.9722,-61.022,308.38,1.67,295.29,2024-08-31,537,N20,n,N,Santa Cruz,Velasco,San Ignacio de Velasco,4910231.16
-15.9521,-62.16434,313.79,1.52,293.65,2024-08-31,513,N,n,N,Santa Cruz,Ñuflo De Chavez,Concepción,3510852.308
-16.21,-61.25023,307.13,2.79,279.38,2024-02-09,539,N,n,N,Santa Cruz,Velasco,San Ignacio de Velasco,4910231.16
-15.61003,-65.24388,344.75,12.06,295.72,2024-08-27,1720,N,n,D,Beni,Moxos,San Ignacio,2001132.642
-15.26023,-64.00523,344.85,8.09,306.53,2024-07-19,1816,N20,n,D,Beni,Marban,San Andrés,935478.015
-16.37275,-60.1416,339.58,4.53,300.51,2024-08-22,506,N20,n,N,Santa Cruz,Velasco,San Ignacio de Velasco,4910231.16
-16.31551,-61.40585,306.54,2.1,291.85,2024-08-21,501,N,n,N,Santa Cruz,Velasco,San Miguel de Velasco,954415.805
-14.13768,-64.54153,367.0,127.07,300.46,2024-09-29,1701,N,h,D,Beni,Cercado,San Javier,817332.335
-14.8335,-61.13847,334.6,19.15,301.48,2024-08-31,513,N,n,N,Santa Cruz,Velasco,San Ignacio de Velasco,4910231.16
-15.06466,-62.46751,318.56,3.24,297.87,2024-09-22,524,N20,n,N,Santa Cruz,Ñuflo De Chavez,Concepción,3510852.308
-17.72577,-57.92687,315.94,1.96,293.5,2024-09-02,500,N20,n,N,Santa Cruz,Angel Sandoval,San Matías,2708229.504
-15.70517,-62.32095,316.43,1.97,296.22,2024-10-02,536,N20,n,N,Santa Cruz,Ñuflo De Chavez,Concepción,3510852.308
-21.7285,-63.25005,342.67,13.68,296.13,2024-10-24,526,N20,n,N,Tarija,Gran Chaco,Yacuiba,364068.557
-17.41564,-59.65334,325.15,1.87,293.94,2024-09-01,455,N,n,N,Santa Cruz,Chiquitos,San Jose de Chiquitos,1912059.482
-18.47983,-57.70481,343.73,8.42,304.58,2024-09-06,1732,N,n,D,Santa Cruz,German Busch,Puerto Quijarro,145026.251
-15.0057,-60.34057,332.86,5.07,297.19,2024-09-22,500,N,n,N,Santa Cruz,Velasco,San Ignacio de Velasco,4910231.16
-22.75174,-64.32901,325.42,7.18,293.35,2024-04-18,1700,N20,n,D,Tarija,Arce,Bermejo,38100.243
-15.1805,-61.7586,317.0,23.6,296.3,2024-09-21,216,Terra,54,N,Santa Cruz,Ñuflo De Chavez,Concepción,3510852.308
-15.27087,-63.69845,336.25,2.53,305.76,2024-07-24,1822,N20,n,D,Santa Cruz,Guarayos,Ascención de Guarayos,867384.615
-15.8305,-61.1037,332.5,24.4,299.2,2024-08-26,1822,Aqua,42,D,Santa Cruz,Velasco,San Ignacio de Velasco,4910231.16
-16.3373,-59.18148,317.4,3.23,288.31,2024-10-08,524,N20,n,N,Santa Cruz,Angel Sandoval,San Matías,2708229.504
-17.2532,-60.27095,335.68,4.74,299.6,2024-09-10,526,N,n,N,Santa Cruz,Chiquitos,San Jose de Chiquitos,1912059.482
-17.97883,-59.13401,333.75,3.41,296.61,2024-09-23,505,N20,n,N,Santa Cruz,Angel Sandoval,San Matías,2708229.504
-16.23164,-64.49659,367.0,61.94,295.58,2024-09-13,1701,N,h,D,Santa Cruz,Ichilo,Yapacaní,951411.755
-12.76462,-66.41962,334.21,5.3,304.5,2024-09-10,1759,N,l,D,Beni,Yacuma,Exaltacion,2497316.752
-18.33725,-63.72152,299.84,1.03,288.67,2024-08-19,603,N20,n,N,Santa Cruz,Florida,Samaipata,218811.423
-17.80925,-59.20574,328.8,4.45,297.06,2024-09-10,526,N,n,N,Santa Cruz,Angel Sandoval,San Matías,2708229.504
-17.15742,-60.21194,322.34,2.14,295.88,2024-10-02,537,N20,n,N,Santa Cruz,Velasco,San Rafael,973100.718
-14.84561,-65.8832,341.04,8.85,291.23,2024-10-04,1847,N,n,D,Beni,Yacuma,Santa Ana de Yacuma,2009278.188
-16.80763,-67.18656,333.48,6.96,301.8,2024-12-30,1817,N,n,D,La Paz,Inquisivi,Licoma (Villa Libertad),15012.465
-12.91518,-64.14211,308.46,0.69,289.07,2024-09-15,531,N,n,N,Beni,Itenez,Magdalena,1363449.184
-16.365,-60.01669,334.56,5.2,296.5,2024-08-06,506,N20,n,N,Santa Cruz,Velasco,San Ignacio de Velasco,4910231.16
-14.85032,-61.6082,350.85,5.8,302.05,2024-09-16,1745,N,n,D,Santa Cruz,Ñuflo De Chavez,Concepción,3510852.308
-9.83748,-65.30751,332.14,11.19,300.3,2024-08-15,1747,N,n,D,Pando,Federico Roman,Nuevo Manoa (Nueva Esperanza),365080.03
-17.31584,-59.17225,304.83,2.07,290.76,2024-09-04,602,N20,n,N,Santa Cruz,Angel Sandoval,San Matías,2708229.504
-13.98981,-63.39567,309.05,1.17,296.13,2024-10-02,536,N20,n,N,Beni,Itenez,Baures,1761607.494
-15.24507,-61.64824,367.0,21.64,311.16,2024-09-11,1739,N,h,D,Santa Cruz,Ñuflo De Chavez,Concepción,3510852.308
-15.33667,-62.67637,322.55,2.2,282.61,2024-08-26,531,N20,n,N,Santa Cruz,Ñuflo De Chavez,Concepción,3510852.308
-12.3058,-65.61926,327.1,3.71,295.82,2024-07-02,1836,N20,n,D,Beni,Yacuma,Exaltacion,2497316.752
-15.06418,-60.62285,335.2,11.49,290.65,2024-08-24,1817,N,n,D,Santa Cruz,Velasco,San Ignacio de Velasco,4910231.16
-15.52976,-61.32797,348.31,27.17,312.92,2024-08-27,1720,N,n,D,Santa Cruz,Velasco,San Ignacio de Velasco,4910231.16
-15.2549,-62.40062,310.06,3.37,293.75,2024-09-23,441,N,n,N,Santa Cruz,Ñuflo De Chavez,Concepción,3510852.308
-16.49783,-60.28912,319.27,2.67,296.27,2024-09-08,447,N20,n,N,Santa Cruz,Velasco,San Ignacio de Velasco,4910231.16
-16.94491,-58.66339,315.28,1.71,286.55,2024-08-06,506,N20,n,N,Santa Cruz,Angel Sandoval,San Matías,2708229.504
-15.03268,-61.39066,345.86,12.66,305.69,2024-09-02,1708,N,n,D,Santa Cruz,Velasco,San Ignacio de Velasco,4910231.16
-17.73755,-59.59005,347.39,8.2,310.29,2024-09-07,1737,N20,n,D,Santa Cruz,Chiquitos,Robore,735349.232
-13.8801,-67.28748,367.0,82.79,342.24,2024-10-13,1803,N20,h,D,Beni,General Jose Ballivi,Reyes,1264166.592
-17.81697,-57.96272,347.1,11.75,306.21,2024-09-03,1712,N20,n,D,Santa Cruz,Angel Sandoval,San Matías,2708229.504
-21.21389,-63.28394,337.08,16.87,308.96,2024-11-14,1801,N20,n,D,Tarija,Gran Chaco,Villamontes,1178412.511
-17.1566,-58.72623,355.51,10.85,303.07,2024-07-23,1816,N,n,D,Santa Cruz,Angel Sandoval,San Matías,2708229.504
-15.13191,-63.1352,337.11,6.4,292.98,2024-08-23,1719,N20,n,D,Santa Cruz,Guarayos,Urubicha,1046999.667
-17.4325,-59.82083,327.05,2.81,297.74,2024-08-21,501,N,n,N,Santa Cruz,Chiquitos,San Jose de Chiquitos,1912059.482
-15.96645,-61.75539,347.81,9.56,303.13,2024-09-09,1700,N20,n,D,Santa Cruz,Ñuflo De Chavez,Concepción,3510852.308
-14.7895,-65.20862,310.4,12.03,294.05,2024-09-26,549,N20,n,N,Beni,Moxos,San Ignacio,2001132.642
-17.10328,-58.7495,331.42,6.41,301.0,2024-07-19,1635,N20,n,D,Santa Cruz,Angel Sandoval,San Matías,2708229.504
-16.98395,-59.66406,314.57,2.43,296.53,2024-09-09,545,N,n,N,Santa Cruz,Velasco,San Rafael,973100.718
-15.00537,-64.20901,349.79,20.91,307.8,2024-10-01,1804,N,n,D,Beni,Marban,San Andrés,935478.015
-12.12401,-65.00675,345.02,6.02,279.94,2024-03-13,1843,N20,n,D,Beni,Mamore,Puerto Siles,207114.453
-16.4598,-60.1492,319.4,101.1,294.4,2024-08-04,115,Terra,98,N,Santa Cruz,Velasco,San Ignacio de Velasco,4910231.16
-15.86466,-60.61191,329.88,4.18,290.65,2024-07-06,447,N20,n,N,Santa Cruz,Velasco,San Ignacio de Velasco,4910231.16
-14.92545,-62.79938,353.43,5.31,300.1,2024-10-02,536,N20,n,N,Santa Cruz,Ñuflo De Chavez,Concepción,3510852.308
-16.10796,-62.26377,337.61,4.25,306.62,2024-08-16,1751,N20,n,D,Santa Cruz,Ñuflo De Chavez,Concepción,3510852.308
-17.37643,-59.33575,322.78,2.52,295.64,2024-08-01,500,N20,n,N,Santa Cruz,Angel Sandoval,San Matías,2708229.504
-14.9115,-61.80114,326.63,3.53,294.14,2024-09-17,517,N20,n,N,Santa Cruz,Ñuflo De Chavez,Concepción,3510852.308
-17.08464,-65.30354,331.16,2.91,300.59,2024-10-08,1756,N20,n,D,Cochabamba,Tiraque,Tiraque,276311.048
-17.88152,-59.60055,343.58,4.48,297.0,2024-09-12,512,N20,n,N,Santa Cruz,Chiquitos,Robore,735349.232
-18.3106,-57.6243,326.5,34.9,308.1,2024-08-29,1845,Aqua,28,D,Santa Cruz,German Busch,Puerto Quijarro,145026.251
-16.2371,-63.925,324.7,14.7,302.7,2024-06-10,1838,Aqua,79,D,Santa Cruz,Obispo Santisteban,San Pedro,308117.248
-16.32446,-64.99404,321.69,1.98,295.68,2024-10-07,519,N,n,N,Cochabamba,Chapare,Villa Tunari,1456095.378
-17.79662,-59.50143,327.68,2.47,295.55,2024-08-05,501,N,n,N,Santa Cruz,Angel Sandoval,San Matías,2708229.504
-18.72166,-63.32359,317.44,3.93,289.75,2024-05-22,533,N20,n,N,Santa Cruz,Cordillera,Cabezas,505815.887
-18.53461,-59.06071,348.55,6.91,299.83,2024-08-04,1751,N,n,D,Santa Cruz,Chiquitos,Robore,735349.232
-15.74783,-62.97072,342.14,4.53,299.08,2024-09-20,1810,N,n,D,Santa Cruz,Guarayos,Ascención de Guarayos,867384.615
-12.5548,-64.1323,329.9,37.1,301.2,2024-08-05,1857,Aqua,70,D,Beni,Itenez,Magdalena,1363449.184
-13.54069,-64.14877,310.21,1.97,284.95,2024-10-12,549,N20,n,N,Beni,Itenez,Huacaraje,446422.634
-16.02456,-62.15514,309.97,2.1,292.69,2024-09-07,506,N20,n,N,Santa Cruz,Ñuflo De Chavez,Concepción,3510852.308
-15.85778,-61.35788,301.86,0.81,284.15,2024-07-01,441,N20,n,N,Santa Cruz,Velasco,San Ignacio de Velasco,4910231.16
-18.50742,-59.29534,340.94,6.26,295.66,2024-07-22,1654,N,n,D,Santa Cruz,Chiquitos,Robore,735349.232
-14.21026,-62.93304,308.91,1.44,294.76,2024-09-29,452,N20,n,N,Santa Cruz,Ñuflo De Chavez,Concepción,3510852.308
-15.9101,-63.8875,308.09,2.05,296.15,2024-10-02,536,N20,n,N,Santa Cruz,Guarayos,El Puente,674484.183
-17.73949,-58.40256,300.7,1.09,286.8,2024-08-27,512,N20,n,N,Santa Cruz,Angel Sandoval,San Matías,2708229.504
-16.64591,-58.86953,348.97,4.44,297.22,2024-08-14,532,N,n,N,Santa Cruz,Angel Sandoval,San Matías,2708229.504
-17.83092,-58.23001,367.0,13.01,306.48,2024-09-10,526,N,h,N,Santa Cruz,Angel Sandoval,San Matías,2708229.504
-16.2628,-61.6453,306.4,9.3,294.7,2024-09-10,627,Aqua,19,N,Santa Cruz,Velasco,San Ignacio de Velasco,4910231.16
-17.5185,-59.1832,427.3,486.7,315.7,2024-08-14,1828,Aqua,100,D,Santa Cruz,Angel Sandoval,San Matías,2708229.504
-16.8012,-63.6507,332.8,67.1,304.4,2024-09-07,1816,Aqua,85,D,Santa Cruz,Sara,Santa Rosa del Sara,411372.581
-13.00605,-65.31033,350.44,21.91,299.3,2024-08-18,621,N20,n,N,Beni,Yacuma,Exaltacion,2497316.752
-16.25008,-61.85032,353.66,16.0,302.56,2024-09-08,1655,N,n,D,Santa Cruz,Ñuflo De Chavez,Concepción,3510852.308
-14.91056,-61.50564,337.36,2.52,295.68,2024-09-06,524,N20,n,N,Santa Cruz,Ñuflo De Chavez,Concepción,3510852.308
-16.11111,-64.48235,332.81,4.38,297.52,2024-09-05,1752,N,n,D,Santa Cruz,Ichilo,Yapacaní,951411.755
-15.06261,-61.47763,335.41,9.57,295.55,2024-10-01,1827,N20,n,D,Santa Cruz,Velasco,San Ignacio de Velasco,4910231.16
-15.29978,-61.45296,336.35,3.87,302.1,2024-11-15,1744,N20,n,D,Santa Cruz,Velasco,San Ignacio de Velasco,4910231.16
-16.4151,-60.3359,340.3,40.3,304.2,2024-10-02,1839,Aqua,88,D,Santa Cruz,Velasco,San Ignacio de Velasco,4910231.16
-15.09995,-63.84808,340.27,12.62,296.41,2024-08-26,1803,N20,n,D,Santa Cruz,Guarayos,Ascención de Guarayos,867384.615
-15.38426,-61.28746,307.62,1.27,291.09,2024-09-06,500,N,n,N,Santa Cruz,Velasco,San Ignacio de Velasco,4910231.16
-16.17472,-64.33305,336.35,12.49,289.21,2024-08-01,436,N,n,N,Santa Cruz,Ichilo,Yapacaní,951411.755
-13.27856,-65.05694,329.53,3.41,296.27,2024-08-04,519,N,n,N,Beni,Mamore,San Joaquín,869243.103
-14.72072,-65.652,344.05,10.52,301.37,2024-08-16,1727,N,n,D,Beni,Moxos,San Ignacio,2001132.642
-15.58348,-64.61324,320.38,2.44,296.45,2024-09-10,549,N20,n,N,Beni,Marban,Loreto,536417.598
-14.9823,-61.4273,328.2,37.0,299.5,2024-09-03,142,Terra,100,N,Santa Cruz,Velasco,San Ignacio de Velasco,4910231.16
-18.37595,-62.49204,329.36,3.21,286.21,2024-11-18,532,N,n,N,Santa Cruz,Cordillera,Charagua,7136018.854
-17.62984,-59.33848,352.71,8.91,312.66,2024-09-02,1731,N20,n,D,Santa Cruz,Angel Sandoval,San Matías,2708229.504
-17.88465,-58.94041,342.62,24.58,305.74,2024-09-10,1757,N,n,D,Santa Cruz,Angel Sandoval,San Matías,2708229.504
-17.89255,-58.4522,342.68,10.17,302.43,2024-09-10,1821,N20,n,D,Santa Cruz,Angel Sandoval,San Matías,2708229.504
-16.61868,-60.12956,337.51,2.99,304.41,2024-08-06,1738,N20,n,D,Santa Cruz,Velasco,San Rafael,973100.718
-13.63263,-66.87865,334.24,12.43,293.95,2024-05-24,1728,N20,n,D,Beni,General Jose Ballivi,Santa Rosa,1210566.888
-12.9415,-65.2143,332.6,64.3,308.1,2024-08-15,1909,Aqua,71,D,Beni,Yacuma,Exaltacion,2497316.752
-14.06446,-63.99139,348.71,16.82,300.57,2024-10-16,549,N,n,N,Beni,Itenez,Huacaraje,446422.634
-15.34235,-61.83118,331.96,24.82,302.51,2024-09-21,1751,N,n,D,Santa Cruz,Ñuflo De Chavez,Concepción,3510852.308
-17.59317,-59.45708,335.29,2.75,302.64,2024-08-31,1745,N,n,D,Santa Cruz,Angel Sandoval,San Matías,2708229.504
-17.8027,-57.8296,316.2,11.3,296.8,2024-09-13,149,Terra,33,N,Santa Cruz,Angel Sandoval,San Matías,2708229.504
-15.56451,-63.5184,313.8,1.91,291.52,2024-09-07,442,N,n,N,Santa Cruz,Guarayos,Ascención de Guarayos,867384.615
-14.98579,-61.18381,312.12,2.66,290.83,2024-09-17,454,N,n,N,Santa Cruz,Velasco,San Ignacio de Velasco,4910231.16
-13.92378,-63.37024,337.27,11.01,295.41,2024-10-01,1828,N20,n,D,Beni,Itenez,Baures,1761607.494
-16.47351,-61.74642,314.72,2.5,297.98,2024-09-23,442,N,n,N,Santa Cruz,Ñuflo De Chavez,Concepción,3510852.308
-18.08085,-59.42292,327.13,42.64,321.29,2024-06-13,519,N20,n,N,Santa Cruz,Chiquitos,Robore,735349.232
-17.19718,-60.21148,309.15,0.79,293.49,2024-09-10,550,N20,n,N,Santa Cruz,Chiquitos,San Jose de Chiquitos,1912059.482
-14.3607,-67.0697,324.0,36.5,304.5,2024-09-23,1426,Terra,77,D,Beni,General Jose Ballivi,Reyes,1264166.592
-14.9383,-62.36127,304.15,0.81,279.64,2024-10-08,524,N20,n,N,Santa Cruz,Ñuflo De Chavez,Concepción,3510852.308
-11.82551,-65.71816,322.93,2.12,297.18,2024-10-02,535,N20,n,N,Beni,Vaca Diez,Riberalta,972562.88
-17.52095,-60.80131,305.44,0.9,294.1,2024-05-22,533,N20,n,N,Santa Cruz,Chiquitos,San Jose de Chiquitos,1912059.482
-15.04121,-60.92838,354.37,20.66,310.3,2024-08-27,1720,N,n,D,Santa Cruz,Velasco,San Ignacio de Velasco,4910231.16
-18.38085,-57.69192,334.23,6.35,295.01,2024-08-23,1718,N20,n,D,Santa Cruz,German Busch,Puerto Quijarro,145026.251
-18.69774,-58.70279,338.13,9.78,311.3,2024-08-29,1706,N20,l,D,Santa Cruz,German Busch,Carmen Rivero Torrez,1101079.142
-17.45712,-59.58567,341.28,6.71,306.49,2024-09-29,1724,N20,n,D,Santa Cruz,Chiquitos,San Jose de Chiquitos,1912059.482
-15.22297,-61.19947,341.66,3.1,307.7,2024-09-07,1714,N,n,D,Santa Cruz,Velasco,San Ignacio de Velasco,4910231.16
-15.63794,-61.91163,367.0,106.62,335.04,2024-08-26,1739,N,h,D,Santa Cruz,Ñuflo De Chavez,Concepción,3510852.308
-15.2755,-61.9868,336.8,33.4,299.7,2024-09-22,1346,Terra,86,D,Santa Cruz,Ñuflo De Chavez,Concepción,3510852.308
-16.46694,-59.61224,348.57,35.21,302.64,2024-08-14,1828,N20,n,D,Santa Cruz,Velasco,San Rafael,973100.718
-16.33711,-59.77674,333.73,4.44,305.83,2024-07-02,1810,N,l,D,Santa Cruz,Velasco,San Ignacio de Velasco,4910231.16
-17.37321,-59.82809,309.41,4.32,294.75,2024-09-09,609,N20,n,N,Santa Cruz,Chiquitos,San Jose de Chiquitos,1912059.482
-13.15897,-67.81766,336.87,3.84,302.4,2024-09-03,1830,N,n,D,La Paz,Abel Iturralde,Ixiamas,3745288.103
-15.88115,-61.27806,307.9,1.95,297.28,2024-09-11,507,N,n,N,Santa Cruz,Velasco,San Ignacio de Velasco,4910231.16
-15.00528,-63.97407,326.96,2.73,296.83,2024-10-02,536,N20,n,N,Beni,Marban,San Andrés,935478.015
-15.76825,-61.75589,330.48,29.64,293.41,2024-08-12,1701,N,n,D,Santa Cruz,Ñuflo De Chavez,Concepción,3510852.308
-16.46048,-61.67496,331.91,4.19,302.2,2024-09-04,1810,N,l,D,Santa Cruz,Ñuflo De Chavez,Concepción,3510852.308
-14.30876,-63.32155,313.99,4.21,280.24,2024-10-09,440,N,n,N,Santa Cruz,Guarayos,Urubicha,1046999.667
-17.22467,-60.32593,333.6,2.23,305.12,2024-09-10,1757,N,l,D,Santa Cruz,Chiquitos,San Jose de Chiquitos,1912059.482
-17.78132,-58.17719,345.48,9.18,305.06,2024-09-08,447,N20,n,N,Santa Cruz,Angel Sandoval,San Matías,2708229.504
-15.86033,-60.65251,339.27,6.02,301.16,2024-05-28,1752,N20,n,D,Santa Cruz,Velasco,San Ignacio de Velasco,4910231.16
-16.91953,-59.07558,367.0,15.38,302.09,2024-07-23,1816,N,h,D,Santa Cruz,Angel Sandoval,San Matías,2708229.504
-17.79394,-59.45113,334.03,7.91,303.33,2024-08-29,1706,N20,n,D,Santa Cruz,Angel Sandoval,San Matías,2708229.504
-16.44661,-60.0073,310.85,1.68,284.82,2024-08-26,531,N20,n,N,Santa Cruz,Velasco,San Rafael,973100.718
-15.55196,-62.20731,304.44,6.12,291.06,2024-09-30,433,N20,n,N,Santa Cruz,Ñuflo De Chavez,Concepción,3510852.308
-12.92522,-65.95443,347.24,16.85,309.62,2024-07-26,1745,N20,n,D,Beni,Yacuma,Exaltacion,2497316.752
-15.5026,-62.00562,351.01,12.45,304.78,2024-09-01,1750,N20,n,D,Santa Cruz,Ñuflo De Chavez,Concepción,3510852.308
-17.29244,-59.58534,315.93,1.23,294.8,2024-09-05,520,N,n,N,Santa Cruz,Chiquitos,San Jose de Chiquitos,1912059.482
-15.74166,-61.81422,367.0,10.56,301.01,2024-08-14,1828,N20,h,D,Santa Cruz,Ñuflo De Chavez,Concepción,3510852.308
-18.33705,-57.64443,335.39,2.62,300.04,2024-08-22,506,N20,n,N,Santa Cruz,German Busch,Puerto Quijarro,145026.251
-12.5467,-64.0036,313.8,19.4,281.8,2024-08-22,152,Terra,88,N,Beni,Itenez,Magdalena,1363449.184
-17.33876,-59.55388,311.88,1.55,294.62,2024-09-07,442,N,n,N,Santa Cruz,Chiquitos,San Jose de Chiquitos,1912059.482
-13.16584,-63.15849,348.83,17.88,309.51,2024-10-12,1757,N,n,D,Beni,Itenez,Magdalena,1363449.184
-15.79965,-61.64152,343.59,12.02,279.34,2024-11-11,1654,N,n,D,Santa Cruz,Ñuflo De Chavez,Concepción,3510852.308
-15.07036,-67.10162,307.49,3.57,290.46,2024-10-16,614,N20,n,N,Beni,General Jose Ballivi,San Borja,1348856.721
-13.6119,-67.64458,342.74,11.65,293.93,2024-11-01,1847,N20,n,D,La Paz,Abel Iturralde,Ixiamas,3745288.103
-16.81254,-60.02722,312.56,4.04,298.53,2024-09-11,507,N,n,N,Santa Cruz,Velasco,San Rafael,973100.718
-16.4304,-61.8724,326.3,40.1,300.2,2024-01-27,1756,Aqua,77,D,Santa Cruz,Ñuflo De Chavez,Concepción,3510852.308
-14.79285,-61.60244,331.49,4.56,298.65,2024-09-20,1810,N,n,D,Santa Cruz,Ñuflo De Chavez,Concepción,3510852.308
-15.39422,-60.9285,344.5,6.79,308.95,2024-09-03,1713,N20,n,D,Santa Cruz,Velasco,San Ignacio de Velasco,4910231.16
-15.29997,-60.40661,367.0,175.52,326.84,2024-09-20,1810,N,h,D,Santa Cruz,Velasco,San Ignacio de Velasco,4910231.16
-15.85225,-61.21663,311.7,2.46,294.91,2024-08-31,537,N20,n,N,Santa Cruz,Velasco,San Ignacio de Velasco,4910231.16
-17.03135,-64.1163,336.95,6.3,299.4,2024-09-05,1815,N20,n,D,Santa Cruz,Ichilo,Yapacaní,951411.755
-15.12597,-61.13105,338.41,2.1,305.15,2024-09-06,1733,N,n,D,Santa Cruz,Velasco,San Ignacio de Velasco,4910231.16
-16.64189,-61.38751,311.15,1.38,297.01,2024-09-12,512,N20,n,N,Santa Cruz,Velasco,San Miguel de Velasco,954415.805
-17.93432,-59.56471,323.46,5.8,300.89,2024-09-09,428,N20,n,N,Santa Cruz,Chiquitos,Robore,735349.232
-15.64386,-61.34435,309.83,1.17,292.4,2024-08-16,518,N20,n,N,Santa Cruz,Velasco,San Ignacio de Velasco,4910231.16
-15.5917,-63.77335,304.39,2.13,290.71,2024-09-03,440,N20,n,N,Beni,Marban,San Andrés,935478.015
-16.36095,-65.59939,340.18,81.77,304.75,2024-10-15,1725,N20,n,D,Cochabamba,Chapare,Villa Tunari,1456095.378
-17.02749,-58.66788,350.46,13.94,312.15,2024-07-19,1751,N,n,D,Santa Cruz,Angel Sandoval,San Matías,2708229.504
-14.57091,-64.28628,313.37,0.85,282.15,2024-09-01,454,N,n,N,Beni,Cercado,San Javier,817332.335
-14.91242,-61.81514,309.39,1.0,293.81,2024-09-19,556,N,n,N,Santa Cruz,Ñuflo De Chavez,Concepción,3510852.308
-16.68324,-59.78217,307.43,4.52,293.63,2024-05-07,449,N,n,N,Santa Cruz,Velasco,San Rafael,973100.718
-15.32411,-61.3053,348.6,7.78,301.36,2024-09-21,1751,N,n,D,Santa Cruz,Velasco,San Ignacio de Velasco,4910231.16
-15.19032,-62.63803,307.8,1.26,292.93,2024-09-06,500,N,n,N,Santa Cruz,Ñuflo De Chavez,Concepción,3510852.308
-16.77317,-59.45462,348.07,10.9,296.66,2024-08-04,1751,N,n,D,Santa Cruz,Angel Sandoval,San Matías,2708229.504
-17.6903,-59.8224,323.4,25.8,305.0,2024-07-26,1843,Aqua,71,D,Santa Cruz,Chiquitos,San Jose de Chiquitos,1912059.482
-17.28033,-58.8132,351.71,8.35,309.94,2024-09-03,1712,N20,n,D,Santa Cruz,Angel Sandoval,San Matías,2708229.504
-15.48081,-61.44736,335.25,6.29,292.6,2024-03-15,1714,N,n,D,Santa Cruz,Velasco,San Ignacio de Velasco,4910231.16
-13.13772,-67.77609,355.13,18.9,298.99,2024-08-26,1740,N,n,D,La Paz,Abel Iturralde,Ixiamas,3745288.103
-16.8221,-59.08537,307.51,0.85,292.05,2024-07-23,428,N20,n,N,Santa Cruz,Angel Sandoval,San Matías,2708229.504
-17.08658,-60.09996,300.72,1.12,282.4,2024-09-03,441,N20,n,N,Santa Cruz,Velasco,San Rafael,973100.718
-13.30816,-67.89515,339.73,2.57,300.76,2024-10-13,1803,N20,n,D,La Paz,Abel Iturralde,Ixiamas,3745288.103
-15.04938,-60.56999,351.92,12.99,298.46,2024-09-01,454,N,n,N,Santa Cruz,Velasco,San Ignacio de Velasco,4910231.16
-15.05783,-62.64295,348.07,7.22,297.17,2024-09-12,1720,N,n,D,Santa Cruz,Ñuflo De Chavez,Concepción,3510852.308
-18.5126,-62.40929,313.48,8.53,288.69,2024-12-30,608,N20,n,N,Santa Cruz,Cordillera,Charagua,7136018.854
-17.79671,-59.37356,334.12,4.18,303.24,2024-09-06,1756,N20,n,D,Santa Cruz,Angel Sandoval,San Matías,2708229.504
-16.6207,-62.3307,302.9,33.5,284.5,2024-02-09,132,Terra,52,N,Santa Cruz,Ñuflo De Chavez,San Ramón,49229.775
-15.17969,-61.28409,337.73,39.81,310.45,2024-08-22,1714,N,n,D,Santa Cruz,Velasco,San Ignacio de Velasco,4910231.16
-12.48606,-64.42479,326.8,2.58,295.97,2024-08-26,1804,N20,n,D,Beni,Mamore,San Joaquín,869243.103
-12.69622,-65.99535,332.15,3.25,298.43,2024-06-14,1733,N20,n,D,Beni,Yacuma,Exaltacion,2497316.752
-15.04276,-62.99104,332.44,4.03,296.15,2024-09-06,524,N20,n,N,Santa Cruz,Guarayos,Urubicha,1046999.667
-16.46326,-60.71778,367.0,5.83,306.23,2024-09-08,1655,N,h,D,Santa Cruz,Velasco,San Ignacio de Velasco,4910231.16
-16.19291,-61.76072,334.59,4.72,298.25,2024-09-08,447,N20,n,N,Santa Cruz,Ñuflo De Chavez,Concepción,3510852.308
-15.35537,-63.60684,355.12,27.88,332.04,2024-07-21,1738,N20,l,D,Santa Cruz,Guarayos,Ascención de Guarayos,867384.615
-14.88281,-62.29155,334.22,4.19,298.93,2024-09-25,544,N,n,N,Santa Cruz,Ñuflo De Chavez,Concepción,3510852.308
-17.2927,-60.41056,337.05,4.45,295.89,2024-10-23,1814,N20,n,D,Santa Cruz,Chiquitos,San Jose de Chiquitos,1912059.482
-14.89168,-64.04263,313.04,2.38,293.2,2024-10-07,518,N,n,N,Beni,Marban,San Andrés,935478.015
-15.02825,-61.01637,344.36,4.26,312.05,2024-09-02,1732,N20,n,D,Santa Cruz,Velasco,San Ignacio de Velasco,4910231.16
-17.74147,-58.04388,326.88,2.89,295.09,2024-09-01,455,N,n,N,Santa Cruz,Angel Sandoval,San Matías,2708229.504
-16.14381,-61.65556,307.52,2.92,292.88,2024-09-09,428,N20,n,N,Santa Cruz,Velasco,San Ignacio de Velasco,4910231.16
-14.25474,-64.78416,367.0,9.35,306.43,2024-08-30,1828,N20,h,D,Beni,Cercado,San Javier,817332.335
-15.22547,-61.05583,353.11,18.35,308.34,2024-09-02,1708,N,n,D,Santa Cruz,Velasco,San Ignacio de Velasco,4910231.16
-14.36842,-67.07348,330.15,2.83,292.79,2024-08-03,1835,N20,n,D,Beni,General Jose Ballivi,Reyes,1264166.592
-16.87261,-60.06204,342.93,4.79,304.4,2024-09-22,1755,N20,n,D,Santa Cruz,Velasco,San Rafael,973100.718
-11.08728,-68.79967,336.75,8.6,298.09,2024-06-25,1843,N,n,D,Pando,Nicolas Suarez,Cobija,45109.457
-13.05208,-65.55119,320.88,4.22,292.81,2024-08-02,557,N,n,N,Beni,Yacuma,Exaltacion,2497316.752
-17.52493,-59.07037,345.13,13.39,310.44,2024-09-07,1713,N,n,D,Santa Cruz,Angel Sandoval,San Matías,2708229.504
-14.40775,-62.42998,347.42,8.57,292.58,2024-10-13,1803,N20,n,D,Santa Cruz,Ñuflo De Chavez,Concepción,3510852.308
-15.95631,-60.40373,323.91,16.95,290.05,2024-06-20,422,N,n,N,Santa Cruz,Velasco,San Ignacio de Velasco,4910231.16
-13.97707,-67.14943,351.25,10.33,309.04,2024-10-01,1804,N,n,D,Beni,General Jose Ballivi,Reyes,1264166.592
-14.49303,-62.90485,311.35,2.34,275.7,2024-10-06,601,N20,n,N,Santa Cruz,Ñuflo De Chavez,Concepción,3510852.308
-16.4939,-60.0545,318.5,14.4,298.3,2024-09-01,159,Terra,59,N,Santa Cruz,Velasco,San Rafael,973100.718
-14.85036,-60.65503,313.87,2.93,294.65,2024-09-09,427,N20,n,N,Santa Cruz,Velasco,San Ignacio de Velasco,4910231.16
-15.7317,-60.90785,339.92,16.99,302.74,2024-07-18,1654,N20,n,D,Santa Cruz,Velasco,San Ignacio de Velasco,4910231.16
-16.28858,-61.65721,312.93,2.53,295.21,2024-09-25,544,N,n,N,Santa Cruz,Velasco,San Miguel de Velasco,954415.805
-15.47541,-61.91716,335.86,2.27,304.17,2024-09-11,1739,N,n,D,Santa Cruz,Ñuflo De Chavez,Concepción,3510852.308
-17.62229,-57.92128,340.78,4.5,303.84,2024-08-28,1701,N,n,D,Santa Cruz,Angel Sandoval,San Matías,2708229.504
-14.8629,-60.6959,312.8,13.0,293.8,2024-09-02,559,Aqua,28,N,Santa Cruz,Velasco,San Ignacio de Velasco,4910231.16
-18.0414,-59.5812,317.3,9.4,305.8,2024-06-05,1830,Aqua,65,D,Santa Cruz,Chiquitos,Robore,735349.232
-14.90937,-60.77979,347.95,64.11,303.37,2024-08-25,1758,N,n,D,Santa Cruz,Velasco,San Ignacio de Velasco,4910231.16
-15.32656,-64.11042,305.04,1.15,292.88,2024-10-13,506,N,n,N,Beni,Marban,San Andrés,935478.015
-13.7858,-64.6572,341.7,86.7,300.5,2024-10-15,1910,Aqua,89,D,Beni,Mamore,San Ramón,1007855.847
-12.89088,-65.28772,346.03,3.8,299.58,2024-09-03,1830,N,n,D,Beni,Yacuma,Exaltacion,2497316.752
-16.39939,-61.67009,309.79,1.28,293.55,2024-08-31,513,N,n,N,Santa Cruz,Ñuflo De Chavez,Concepción,3510852.308
-16.89021,-59.92955,333.32,4.26,293.45,2024-09-21,519,N,n,N,Santa Cruz,Velasco,San Rafael,973100.718
-17.95841,-59.13836,330.25,5.19,296.85,2024-09-23,442,N,n,N,Santa Cruz,Angel Sandoval,San Matías,2708229.504
-17.4915,-58.55394,316.59,1.5,295.67,2024-08-31,513,N,n,N,Santa Cruz,Angel Sandoval,San Matías,2708229.504
-15.5549,-64.6991,327.9,52.0,299.4,2024-10-04,1822,Aqua,80,D,Beni,Marban,Loreto,536417.598
-17.48714,-59.3617,314.54,3.13,294.42,2024-08-15,538,N20,n,N,Santa Cruz,Angel Sandoval,San Matías,2708229.504
-14.874,-60.88314,313.79,1.59,278.5,2024-08-26,531,N20,n,N,Santa Cruz,Velasco,San Ignacio de Velasco,4910231.16
-15.51972,-62.87648,330.58,2.93,298.6,2024-09-22,524,N20,n,N,Santa Cruz,Guarayos,Urubicha,1046999.667
-17.77438,-57.99605,341.51,6.07,294.84,2024-08-26,1802,N20,n,D,Santa Cruz,Angel Sandoval,San Matías,2708229.504
-14.283,-62.86507,342.43,4.71,292.08,2024-10-03,1750,N20,n,D,Santa Cruz,Ñuflo De Chavez,Concepción,3510852.308
-16.97436,-59.78301,347.03,4.9,300.1,2024-09-20,1810,N,n,D,Santa Cruz,Velasco,San Rafael,973100.718
-13.9361,-67.2723,332.0,62.0,298.8,2024-10-15,1424,Terra,84,D,Beni,General Jose Ballivi,Reyes,1264166.592
-14.90278,-61.03369,367.0,14.45,303.52,2024-08-29,1823,N,h,D,Santa Cruz,Velasco,San Ignacio de Velasco,4910231.16
-17.51683,-58.13688,343.22,4.84,310.52,2024-09-07,1713,N,n,D,Santa Cruz,Angel Sandoval,San Matías,2708229.504
-15.02985,-60.3342,321.91,2.52,290.79,2024-09-21,542,N20,n,N,Santa Cruz,Velasco,San Ignacio de Velasco,4910231.16
-18.01426,-57.83713,367.0,9.0,301.51,2024-09-11,1802,N20,h,D,Santa Cruz,German Busch,Puerto Suarez,1298155.148
-15.7128,-62.81373,306.53,1.6,291.71,2024-09-06,501,N,n,N,Santa Cruz,Guarayos,Urubicha,1046999.667
-17.8514,-57.8642,331.8,38.5,309.7,2024-09-09,1758,Aqua,55,D,Santa Cruz,Angel Sandoval,San Matías,2708229.504
-16.87061,-63.03465,356.87,107.22,303.89,2024-10-23,1750,N,n,D,Santa Cruz,Ñuflo De Chavez,San Julián,572581.324
-17.1646,-62.9923,308.1,15.4,292.8,2024-09-04,221,Terra,73,N,Santa Cruz,Warnes,Warnes,131530.529
-15.43709,-60.53759,316.83,1.79,289.99,2024-09-01,454,N,n,N,Santa Cruz,Velasco,San Ignacio de Velasco,4910231.16
-12.88995,-65.9108,332.49,2.93,285.86,2024-09-14,1824,N,n,D,Beni,Yacuma,Exaltacion,2497316.752
-16.47838,-60.71091,324.44,3.63,295.23,2024-08-28,453,N20,n,N,Santa Cruz,Velasco,San Ignacio de Velasco,4910231.16
-15.0836,-62.1241,338.2,102.6,298.1,2024-09-25,641,Aqua,100,N,Santa Cruz,Ñuflo De Chavez,Concepción,3510852.308
-16.69722,-59.53814,340.73,4.77,310.77,2024-08-15,1745,N,l,D,Santa Cruz,Velasco,San Rafael,973100.718
-15.5848,-62.01654,352.81,81.81,286.21,2024-08-26,507,N,n,N,Santa Cruz,Ñuflo De Chavez,Concepción,3510852.308
-17.01395,-59.82444,313.51,2.42,296.17,2024-09-26,549,N20,n,N,Santa Cruz,Velasco,San Rafael,973100.718
-11.7714,-68.7002,303.1,7.1,281.2,2024-10-28,227,Terra,53,N,Pando,Manuripi,Filadelfia,1188576.23
-15.0173,-60.39032,309.44,2.45,296.63,2024-09-20,538,N,n,N,Santa Cruz,Velasco,San Ignacio de Velasco,4910231.16
-14.51856,-61.70709,319.45,5.82,296.62,2024-10-13,530,N20,n,N,Santa Cruz,Velasco,San Ignacio de Velasco,4910231.16
-17.81995,-57.89827,309.37,2.79,295.11,2024-09-09,545,N,n,N,Santa Cruz,Angel Sandoval,San Matías,2708229.504
-16.75522,-59.52266,354.63,14.18,303.01,2024-08-06,506,N20,n,N,Santa Cruz,Velasco,San Rafael,973100.718
-15.12415,-60.90651,351.23,23.36,316.01,2024-08-27,1744,N20,n,D,Santa Cruz,Velasco,San Ignacio de Velasco,4910231.16
-14.89511,-61.81126,341.72,4.64,303.9,2024-09-21,1751,N,n,D,Santa Cruz,Ñuflo De Chavez,Concepción,3510852.308
-17.5557,-58.1874,374.0,115.0,314.5,2024-08-21,1816,Aqua,100,D,Santa Cruz,Angel Sandoval,San Matías,2708229.504
-15.6141,-62.8869,313.0,6.9,297.8,2024-09-23,158,Terra,73,N,Santa Cruz,Guarayos,Urubicha,1046999.667
-13.69746,-64.79151,302.21,1.52,290.8,2024-07-29,556,N20,n,N,Beni,Mamore,San Ramón,1007855.847
-18.64521,-58.00634,330.24,3.54,295.92,2024-04-28,444,N20,n,N,Santa Cruz,German Busch,Puerto Suarez,1298155.148
-14.67259,-60.75968,346.54,5.41,298.23,2024-10-03,517,N20,n,N,Santa Cruz,Velasco,San Ignacio de Velasco,4910231.16
-12.94683,-64.51579,328.41,3.22,294.43,2024-07-11,1726,N20,n,D,Beni,Mamore,San Ramón,1007855.847
-16.70986,-61.18086,306.11,4.01,286.27,2024-12-21,536,N20,n,N,Santa Cruz,Velasco,San Miguel de Velasco,954415.805
-15.99476,-62.14379,307.76,1.64,292.13,2024-09-04,602,N20,n,N,Santa Cruz,Ñuflo De Chavez,Concepción,3510852.308
-17.5559,-58.1172,334.9,35.3,309.9,2024-09-10,1838,Aqua,68,D,Santa Cruz,Angel Sandoval,San Matías,2708229.504
-17.77856,-60.39409,354.69,16.89,311.76,2024-06-07,1803,N20,n,D,Santa Cruz,Chiquitos,San Jose de Chiquitos,1912059.482
-16.70638,-59.73731,337.11,9.57,282.52,2024-05-25,1822,N,n,D,Santa Cruz,Velasco,San Rafael,973100.718
-15.9141,-60.4554,363.4,192.5,303.2,2024-06-27,1843,Aqua,100,D,Santa Cruz,Velasco,San Ignacio de Velasco,4910231.16
-16.84793,-58.86957,344.56,4.73,313.41,2024-08-05,1732,N,n,D,Santa Cruz,Angel Sandoval,San Matías,2708229.504
-16.00066,-62.1365,308.75,1.73,292.75,2024-09-04,538,N,n,N,Santa Cruz,Ñuflo De Chavez,Concepción,3510852.308
-17.65361,-58.43626,343.93,9.6,305.99,2024-08-30,1803,N,n,D,Santa Cruz,Angel Sandoval,San Matías,2708229.504
-14.9019,-63.8063,322.4,10.6,300.7,2024-09-20,1848,Aqua,55,D,Santa Cruz,Guarayos,Ascención de Guarayos,867384.615
-15.38298,-62.4007,313.25,3.36,276.42,2024-09-21,519,N,n,N,Santa Cruz,Ñuflo De Chavez,Concepción,3510852.308
-17.32206,-58.79375,312.54,3.15,292.91,2024-08-29,551,N,n,N,Santa Cruz,Angel Sandoval,San Matías,2708229.504
-15.18015,-63.70609,356.84,17.79,301.28,2024-08-26,1739,N,n,D,Santa Cruz,Guarayos,Ascención de Guarayos,867384.615
-15.67146,-64.47261,310.91,2.97,295.43,2024-09-25,544,N,n,N,Beni,Marban,San Andrés,935478.015
-16.9691,-59.3112,319.6,41.4,295.9,2024-07-28,127,Terra,99,N,Santa Cruz,Angel Sandoval,San Matías,2708229.504
-15.5458,-62.36409,334.29,8.17,298.3,2024-09-25,544,N,n,N,Santa Cruz,Ñuflo De Chavez,Concepción,3510852.308
-16.43266,-59.48435,334.67,4.91,302.43,2024-06-28,1809,N20,n,D,Santa Cruz,Angel Sandoval,San Matías,2708229.504
-15.89344,-62.60033,317.12,3.23,286.88,2024-08-26,531,N20,n,N,Santa Cruz,Ñuflo De Chavez,San Javier,338137.628
-17.02805,-63.41478,311.74,2.23,287.93,2024-09-11,507,N,n,N,Santa Cruz,Sara,Santa Rosa del Sara,411372.581
-14.84003,-61.58627,307.71,2.4,290.02,2024-09-16,536,N20,n,N,Santa Cruz,Ñuflo De Chavez,Concepción,3510852.308
-15.49983,-62.2518,320.22,1.84,291.53,2024-06-29,518,N20,n,N,Santa Cruz,Ñuflo De Chavez,Concepción,3510852.308
-13.7544,-64.9852,306.0,5.7,294.8,2024-09-01,200,Terra,20,N,Beni,Mamore,San Ramón,1007855.847
-17.10502,-58.64588,323.38,1.61,297.14,2024-08-22,506,N20,n,N,Santa Cruz,Angel Sandoval,San Matías,2708229.504
-15.22011,-62.22638,340.67,11.66,294.68,2024-09-20,1653,N20,n,D,Santa Cruz,Ñuflo De Chavez,Concepción,3510852.308
-16.39752,-60.29039,308.21,5.77,293.61,2024-09-09,608,N20,n,N,Santa Cruz,Velasco,San Ignacio de Velasco,4910231.16
-16.60843,-62.43818,345.12,12.16,302.77,2024-07-22,1719,N20,n,D,Santa Cruz,Ñuflo De Chavez,San Ramón,49229.775
-12.91306,-64.62837,341.7,5.02,302.12,2024-06-25,1726,N20,n,D,Beni,Mamore,San Joaquín,869243.103
-11.15435,-68.24423,346.06,5.79,298.65,2024-10-17,1829,N20,n,D,Pando,Nicolas Suarez,Bella Flor,579347.082
-21.56239,-63.29348,311.31,2.15,291.07,2024-12-06,456,N,n,N,Tarija,Gran Chaco,Villamontes,1178412.511
-13.61316,-65.20358,354.9,14.49,302.73,2024-06-21,1817,N,n,D,Beni,Mamore,San Joaquín,869243.103
-16.58011,-60.22912,307.69,0.48,294.53,2024-09-05,519,N,n,N,Santa Cruz,Velasco,San Rafael,973100.718
-14.31712,-62.81746,305.58,3.35,289.74,2024-10-05,440,N20,n,N,Santa Cruz,Ñuflo De Chavez,Concepción,3510852.308
-15.73318,-62.44608,343.12,10.12,296.19,2024-10-09,1713,N,n,D,Santa Cruz,Ñuflo De Chavez,Concepción,3510852.308
-15.96293,-60.21883,339.25,3.63,303.29,2024-08-17,1732,N20,n,D,Santa Cruz,Velasco,San Ignacio de Velasco,4910231.16
-16.66418,-59.43402,344.91,21.13,298.96,2024-08-02,1648,N,n,D,Santa Cruz,Angel Sandoval,San Matías,2708229.504
-15.18247,-62.02842,350.42,12.27,304.71,2024-10-02,1745,N,n,D,Santa Cruz,Ñuflo De Chavez,Concepción,3510852.308
-17.79612,-58.10983,350.56,6.11,307.93,2024-09-06,1732,N,n,D,Santa Cruz,Angel Sandoval,San Matías,2708229.504
-15.8553,-60.859,333.3,56.5,304.7,2024-07-25,1803,Aqua,83,D,Santa Cruz,Velasco,San Ignacio de Velasco,4910231.16
-15.68271,-61.86238,305.95,0.85,294.11,2024-08-17,500,N20,n,N,Santa Cruz,Ñuflo De Chavez,Concepción,3510852.308
-16.22269,-61.8591,311.28,1.26,291.72,2024-09-06,501,N,n,N,Santa Cruz,Ñuflo De Chavez,Concepción,3510852.308
-16.48212,-62.4108,337.43,3.96,306.93,2024-08-16,1750,N20,n,D,Santa Cruz,Ñuflo De Chavez,San Javier,338137.628
-15.67694,-63.59639,326.53,4.83,289.4,2024-07-06,1719,N20,n,D,Beni,Marban,San Andrés,935478.015
-15.24023,-63.63041,308.46,1.74,291.04,2024-09-05,543,N20,n,N,Santa Cruz,Guarayos,Ascención de Guarayos,867384.615
-16.10434,-61.32098,367.0,67.56,335.15,2024-07-26,1744,N20,h,D,Santa Cruz,Velasco,San Ignacio de Velasco,4910231.16
-18.60321,-57.73187,350.4,90.31,313.2,2024-09-09,1635,N,n,D,Santa Cruz,German Busch,Puerto Quijarro,145026.251
-16.31724,-64.26638,330.42,5.28,304.74,2024-10-13,1738,N,l,D,Santa Cruz,Ichilo,Yapacaní,951411.755
-15.78257,-61.10749,308.8,1.24,294.9,2024-08-21,525,N20,n,N,Santa Cruz,Velasco,San Ignacio de Velasco,4910231.16
-15.8682,-62.9462,350.6,51.0,309.4,2024-09-10,1839,Aqua,95,D,Santa Cruz,Guarayos,Ascención de Guarayos,867384.615
-16.43785,-59.49091,311.13,1.55,293.5,2024-07-28,435,N20,n,N,Santa Cruz,Angel Sandoval,San Matías,2708229.504
-17.85981,-59.48789,306.81,1.13,289.59,2024-09-01,455,N,n,N,Santa Cruz,Angel Sandoval,San Matías,2708229.504
-15.3243,-63.012,346.8,89.4,305.2,2024-09-08,146,Terra,100,N,Santa Cruz,Guarayos,Urubicha,1046999.667
-13.90213,-63.11014,346.13,6.73,296.63,2024-10-01,1828,N20,n,D,Beni,Itenez,Baures,1761607.494
-15.72225,-65.55437,315.38,1.7,287.54,2024-10-08,524,N20,n,N,Beni,Moxos,San Ignacio,2001132.642
-18.60518,-59.18019,334.83,10.89,307.11,2024-06-06,1757,N,n,D,Santa Cruz,Chiquitos,Robore,735349.232
-14.79447,-60.89746,344.44,8.27,285.39,2024-08-26,531,N20,n,N,Santa Cruz,Velasco,San Ignacio de Velasco,4910231.16
-18.24616,-63.42737,353.2,8.73,294.78,2024-10-31,1840,N,n,D,Santa Cruz,Andres Ibañez,La Guardia,95321.072
-16.6322,-60.21933,303.92,1.64,291.17,2024-09-06,501,N,n,N,Santa Cruz,Velasco,San Rafael,973100.718
-15.63885,-60.42053,296.46,1.37,277.72,2024-06-09,609,N,n,N,Santa Cruz,Velasco,San Ignacio de Velasco,4910231.16
-16.52443,-59.25837,322.82,10.93,297.43,2024-08-02,441,N20,n,N,Santa Cruz,Angel Sandoval,San Matías,2708229.504
-17.05764,-59.05438,342.98,5.64,305.19,2024-07-20,1756,N20,n,D,Santa Cruz,Angel Sandoval,San Matías,2708229.504
-15.88534,-61.25256,344.51,3.42,298.79,2024-09-03,440,N20,n,N,Santa Cruz,Velasco,San Ignacio de Velasco,4910231.16
-15.86208,-61.18886,319.78,3.74,297.39,2024-09-04,538,N,n,N,Santa Cruz,Velasco,San Ignacio de Velasco,4910231.16
-12.63398,-65.52964,339.78,6.32,309.48,2024-10-02,1809,N20,n,D,Beni,Yacuma,Exaltacion,2497316.752
-14.60378,-62.31306,313.17,1.71,286.49,2024-10-09,505,N20,n,N,Santa Cruz,Ñuflo De Chavez,Concepción,3510852.308
-15.1938,-65.2097,337.2,27.7,306.4,2024-09-25,1853,Aqua,85,D,Beni,Moxos,San Ignacio,2001132.642
-16.64507,-63.77479,336.37,4.08,302.82,2024-10-08,1756,N20,n,D,Santa Cruz,Sara,Santa Rosa del Sara,411372.581
-13.51205,-64.11987,305.14,1.47,292.32,2024-09-01,518,N20,n,N,Beni,Itenez,Huacaraje,446422.634
-17.35567,-59.04366,348.48,7.24,299.62,2024-08-30,532,N,n,N,Santa Cruz,Angel Sandoval,San Matías,2708229.504
-13.96138,-63.7116,332.0,11.73,302.22,2024-07-29,1829,N20,n,D,Beni,Itenez,Baures,1761607.494
-12.49603,-63.82636,338.93,3.32,295.4,2024-10-02,511,N,n,N,Beni,Itenez,Magdalena,1363449.184
-16.87642,-58.67981,331.77,5.18,304.91,2024-08-04,1751,N,l,D,Santa Cruz,Angel Sandoval,San Matías,2708229.504
-17.6617,-58.3096,308.8,7.6,297.0,2024-09-12,610,Aqua,11,N,Santa Cruz,Angel Sandoval,San Matías,2708229.504
-15.28555,-62.97641,351.31,11.16,296.01,2024-09-03,1829,N,n,D,Santa Cruz,Guarayos,Urubicha,1046999.667
-17.12683,-60.23107,316.44,5.13,293.87,2024-10-06,537,N,n,N,Santa Cruz,Velasco,San Rafael,973100.718
-16.05924,-61.71436,367.0,55.07,330.29,2024-08-06,1738,N20,h,D,Santa Cruz,Ñuflo De Chavez,Concepción,3510852.308
-13.36382,-63.50904,328.21,2.37,300.15,2024-06-13,1727,N,l,D,Beni,Itenez,Magdalena,1363449.184
-12.74704,-66.55833,342.57,4.79,302.67,2024-07-18,1836,N20,n,D,Beni,General Jose Ballivi,Santa Rosa,1210566.888
-17.31814,-59.17935,335.25,3.11,306.31,2024-08-31,1745,N,l,D,Santa Cruz,Angel Sandoval,San Matías,2708229.504
-15.2888,-62.71464,344.68,2.81,296.2,2024-09-08,603,N,n,N,Santa Cruz,Ñuflo De Chavez,Concepción,3510852.308
-16.02599,-62.84369,341.08,4.03,304.55,2024-09-05,1752,N,n,D,Santa Cruz,Guarayos,Ascención de Guarayos,867384.615
-15.09293,-61.22135,348.8,51.65,287.79,2024-08-25,1822,N20,n,D,Santa Cruz,Velasco,San Ignacio de Velasco,4910231.16
-14.43792,-67.12479,320.64,4.97,292.95,2024-10-14,511,N20,n,N,Beni,General Jose Ballivi,Reyes,1264166.592
-17.66861,-57.79668,367.0,24.6,304.63,2024-09-10,1640,N20,h,D,Santa Cruz,Angel Sandoval,San Matías,2708229.504
-14.6074,-63.6293,313.0,8.4,295.6,2024-10-03,207,Terra,53,N,Santa Cruz,Guarayos,Ascención de Guarayos,867384.615
-13.55509,-64.16069,299.27,3.1,270.55,2024-10-10,602,N,n,N,Beni,Itenez,Huacaraje,446422.634
-14.59722,-62.3721,347.32,22.13,301.11,2024-10-01,1804,N,n,D,Santa Cruz,Ñuflo De Chavez,Concepción,3510852.308
-12.7418,-68.1384,304.52,0.61,292.06,2024-08-19,602,N20,n,N,La Paz,Abel Iturralde,Ixiamas,3745288.103
-16.89897,-59.89178,312.0,2.61,294.39,2024-09-12,512,N20,n,N,Santa Cruz,Velasco,San Rafael,973100.718
-14.5496,-61.0513,324.0,14.7,302.6,2024-09-07,1334,Terra,45,D,Santa Cruz,Velasco,San Ignacio de Velasco,4910231.16
-14.63156,-65.48795,315.65,3.8,292.42,2024-10-05,556,N,n,N,Beni,Moxos,San Ignacio,2001132.642
-16.80686,-60.0149,355.15,16.16,310.26,2024-09-11,1739,N,n,D,Santa Cruz,Velasco,San Rafael,973100.718
-15.56531,-61.14875,305.21,1.34,288.2,2024-08-11,512,N20,n,N,Santa Cruz,Velasco,San Ignacio de Velasco,4910231.16
-13.4392,-61.9179,337.5,29.9,303.6,2024-10-02,1840,Aqua,61,D,Beni,Itenez,Baures,1761607.494
-13.44594,-66.07243,312.99,1.05,267.12,2024-10-12,524,N,n,N,Beni,Yacuma,Exaltacion,2497316.752
-15.05475,-61.88109,313.0,2.01,289.01,2024-09-28,511,N20,n,N,Santa Cruz,Ñuflo De Chavez,Concepción,3510852.308
-15.7179,-62.60519,332.41,11.62,301.82,2024-09-01,1727,N,n,D,Santa Cruz,Ñuflo De Chavez,Concepción,3510852.308
-16.5204,-62.3391,301.4,5.8,289.5,2024-07-02,201,Terra,41,N,Santa Cruz,Ñuflo De Chavez,San Ramón,49229.775
-16.54528,-60.47444,324.18,3.11,295.15,2024-09-21,519,N,n,N,Santa Cruz,Velasco,San Ignacio de Velasco,4910231.16
-15.75364,-62.05913,343.76,9.9,303.96,2024-08-31,1809,N20,n,D,Santa Cruz,Ñuflo De Chavez,Concepción,3510852.308
-17.31616,-59.32496,339.86,4.57,303.41,2024-07-31,1750,N20,n,D,Santa Cruz,Angel Sandoval,San Matías,2708229.504
-17.13668,-61.50563,367.0,21.59,297.03,2024-11-16,1700,N,h,D,Santa Cruz,Velasco,San Miguel de Velasco,954415.805
-14.74701,-60.72033,312.28,2.05,291.83,2024-09-17,517,N20,n,N,Santa Cruz,Velasco,San Ignacio de Velasco,4910231.16
-16.44111,-61.3172,349.23,25.53,316.09,2024-09-06,1733,N,n,D,Santa Cruz,Velasco,San Miguel de Velasco,954415.805
-15.83812,-61.2564,303.2,1.52,292.4,2024-08-15,537,N20,n,N,Santa Cruz,Velasco,San Ignacio de Velasco,4910231.16
-17.63822,-59.16099,347.28,13.27,302.74,2024-08-17,1707,N,n,D,Santa Cruz,Angel Sandoval,San Matías,2708229.504
-14.51554,-62.46037,310.5,1.97,291.73,2024-10-06,537,N,n,N,Santa Cruz,Ñuflo De Chavez,Concepción,3510852.308
-16.1671,-62.95566,307.13,3.01,292.78,2024-09-30,550,N,n,N,Santa Cruz,Guarayos,El Puente,674484.183
-14.30239,-67.18336,346.42,8.42,305.05,2024-10-11,1816,N,n,D,Beni,General Jose Ballivi,Reyes,1264166.592
-13.65683,-66.96539,367.0,38.72,311.61,2024-10-07,1751,N,h,D,Beni,General Jose Ballivi,Santa Rosa,1210566.888
-17.63229,-59.36928,311.48,5.46,298.8,2024-09-09,428,N20,n,N,Santa Cruz,Angel Sandoval,San Matías,2708229.504
-15.94688,-64.33913,342.76,4.74,297.94,2024-10-06,1834,N20,n,D,Santa Cruz,Guarayos,El Puente,674484.183
-13.87458,-67.04707,332.76,6.3,294.07,2024-06-10,1848,N20,n,D,Beni,General Jose Ballivi,Reyes,1264166.592
-14.67631,-60.99265,311.08,0.84,288.86,2024-09-06,524,N20,n,N,Santa Cruz,Velasco,San Ignacio de Velasco,4910231.16
-21.41072,-63.41572,320.08,2.32,293.25,2024-09-29,454,N20,n,N,Tarija,Gran Chaco,Villamontes,1178412.511
-13.118,-67.5423,330.1,23.5,289.9,2024-09-30,1412,Terra,80,D,La Paz,Abel Iturralde,Ixiamas,3745288.103
-16.74017,-60.11156,304.36,0.79,290.6,2024-09-17,518,N20,n,N,Santa Cruz,Velasco,San Rafael,973100.718
-17.53273,-59.31467,333.11,1.88,291.71,2024-08-27,512,N20,n,N,Santa Cruz,Angel Sandoval,San Matías,2708229.504
-17.41955,-60.10921,316.27,1.91,295.97,2024-08-31,514,N,n,N,Santa Cruz,Chiquitos,San Jose de Chiquitos,1912059.482
-15.026,-64.175,316.8,8.6,296.8,2024-09-27,1351,Terra,45,D,Beni,Marban,San Andrés,935478.015
-14.77056,-63.47418,338.6,4.88,307.55,2024-09-21,1751,N,n,D,Santa Cruz,Guarayos,Urubicha,1046999.667
-15.02378,-62.49783,341.91,28.57,314.25,2024-09-21,1751,N,n,D,Santa Cruz,Ñuflo De Chavez,Concepción,3510852.308
-17.72055,-58.80732,316.24,9.98,293.97,2024-09-11,507,N,n,N,Santa Cruz,Angel Sandoval,San Matías,2708229.504
-15.98197,-62.28173,304.15,1.13,293.26,2024-09-10,526,N,n,N,Santa Cruz,Ñuflo De Chavez,Concepción,3510852.308
-17.06042,-59.23647,350.4,10.04,309.67,2024-07-27,1725,N20,n,D,Santa Cruz,Angel Sandoval,San Matías,2708229.504
-15.81321,-62.88223,339.21,10.98,302.36,2024-09-06,1756,N20,n,D,Santa Cruz,Guarayos,Ascención de Guarayos,867384.615
-13.53384,-61.63374,332.06,9.95,305.06,2024-02-06,1727,N,l,D,Beni,Itenez,Baures,1761607.494
-11.15858,-65.41708,318.88,2.3,286.17,2024-09-26,548,N20,n,N,Beni,Vaca Diez,Guayaramerín,650218.903
-15.02834,-60.4333,367.0,16.2,305.9,2024-09-08,1655,N,h,D,Santa Cruz,Velasco,San Ignacio de Velasco,4910231.16
-17.67866,-58.0497,314.04,1.66,292.87,2024-08-20,520,N,n,N,Santa Cruz,Angel Sandoval,San Matías,2708229.504
-17.61542,-58.81973,352.18,8.95,305.2,2024-09-09,1816,N,n,D,Santa Cruz,Angel Sandoval,San Matías,2708229.504
-14.9079,-62.2781,320.7,41.7,296.6,2024-09-26,221,Terra,100,N,Santa Cruz,Ñuflo De Chavez,Concepción,3510852.308
-15.93348,-61.13277,320.65,1.78,297.49,2024-09-10,526,N,n,N,Santa Cruz,Velasco,San Ignacio de Velasco,4910231.16
-10.9955,-65.33544,302.84,0.78,286.91,2024-09-21,541,N20,n,N,Beni,Vaca Diez,Guayaramerín,650218.903
-21.58386,-63.53796,349.69,17.19,312.02,2024-11-14,1801,N20,n,D,Tarija,Gran Chaco,Villamontes,1178412.511
-15.50092,-62.07354,309.83,1.4,291.68,2024-09-06,500,N,n,N,Santa Cruz,Ñuflo De Chavez,Concepción,3510852.308
-16.7436,-60.44362,320.47,2.66,285.84,2024-08-14,532,N,n,N,Santa Cruz,Velasco,San Rafael,973100.718
-18.83145,-64.14327,354.78,13.41,298.41,2024-09-13,1700,N,n,D,Santa Cruz,Valle Grande,Pucara,68234.837
-14.59334,-61.50627,319.53,2.11,297.06,2024-10-13,505,N,n,N,Santa Cruz,Velasco,San Ignacio de Velasco,4910231.16
-13.408,-64.35575,367.0,3.89,302.86,2024-08-22,1715,N,h,D,Beni,Mamore,San Ramón,1007855.847
-16.26652,-64.50913,318.2,3.87,298.28,2024-09-22,500,N,n,N,Santa Cruz,Ichilo,Yapacaní,951411.755
-17.82217,-59.6614,306.6,0.91,283.33,2024-06-30,500,N20,n,N,Santa Cruz,Chiquitos,Robore,735349.232
-17.5974,-59.33976,322.1,2.22,294.65,2024-09-02,500,N20,n,N,Santa Cruz,Angel Sandoval,San Matías,2708229.504
-13.71286,-67.2424,318.31,1.38,291.28,2024-09-26,548,N20,n,N,Beni,General Jose Ballivi,Reyes,1264166.592
-15.7591,-60.23819,325.97,4.03,289.49,2024-08-14,532,N,n,N,Santa Cruz,Velasco,San Ignacio de Velasco,4910231.16
-16.53319,-61.62019,301.55,0.57,290.98,2024-09-02,459,N20,n,N,Santa Cruz,Velasco,San Miguel de Velasco,954415.805
-15.79692,-62.0298,340.32,6.3,303.17,2024-08-16,1751,N20,n,D,Santa Cruz,Ñuflo De Chavez,Concepción,3510852.308
-13.29812,-65.89427,355.85,6.17,306.22,2024-10-07,1816,N20,n,D,Beni,Yacuma,Exaltacion,2497316.752
-13.2823,-67.94935,338.66,18.09,303.67,2024-10-12,1822,N20,n,D,La Paz,Abel Iturralde,Ixiamas,3745288.103
-15.66079,-61.34004,305.07,0.75,291.19,2024-08-15,513,N,n,N,Santa Cruz,Velasco,San Ignacio de Velasco,4910231.16
-15.29391,-61.63156,336.99,3.66,294.78,2024-09-16,1745,N,n,D,Santa Cruz,Ñuflo De Chavez,Concepción,3510852.308
-18.25737,-63.39355,306.08,1.14,288.56,2024-04-29,605,N20,n,N,Santa Cruz,Cordillera,Cabezas,505815.887
-17.75019,-58.19563,334.56,9.38,305.75,2024-09-08,1654,N,l,D,Santa Cruz,Angel Sandoval,San Matías,2708229.504
-15.83518,-61.22885,346.49,6.74,304.45,2024-08-28,1725,N20,n,D,Santa Cruz,Velasco,San Ignacio de Velasco,4910231.16
-17.73772,-59.12548,333.8,3.9,305.79,2024-08-29,1706,N20,l,D,Santa Cruz,Angel Sandoval,San Matías,2708229.504
-15.54273,-62.17666,343.95,6.26,298.04,2024-10-02,536,N20,n,N,Santa Cruz,Ñuflo De Chavez,Concepción,3510852.308
-16.83429,-62.507,309.46,1.09,290.61,2024-05-06,533,N20,n,N,Santa Cruz,Ñuflo De Chavez,San Julián,572581.324
-11.94987,-65.9773,320.93,1.47,295.78,2024-09-24,602,N,n,N,Beni,Vaca Diez,Riberalta,972562.88
-15.20028,-63.71762,310.83,3.69,287.0,2024-08-26,507,N,n,N,Santa Cruz,Guarayos,Ascención de Guarayos,867384.615
-16.62862,-59.12421,310.15,4.54,294.18,2024-08-02,417,N,n,N,Santa Cruz,Angel Sandoval,San Matías,2708229.504
-14.95055,-61.43115,345.58,13.2,306.99,2024-09-02,1708,N,n,D,Santa Cruz,Velasco,San Ignacio de Velasco,4910231.16
-16.74933,-59.23124,344.36,4.72,305.54,2024-08-05,1757,N20,n,D,Santa Cruz,Angel Sandoval,San Matías,2708229.504
-14.50172,-62.45124,306.56,2.54,279.71,2024-10-04,458,N20,n,N,Santa Cruz,Ñuflo De Chavez,Concepción,3510852.308
-15.56391,-62.16172,312.16,4.18,290.36,2024-06-25,609,N,n,N,Santa Cruz,Ñuflo De Chavez,Concepción,3510852.308
-16.27367,-61.74772,347.63,7.6,300.9,2024-09-01,1726,N,n,D,Santa Cruz,Ñuflo De Chavez,Concepción,3510852.308
-15.78037,-60.64166,306.99,1.41,291.49,2024-06-19,441,N,n,N,Santa Cruz,Velasco,San Ignacio de Velasco,4910231.16
-21.7418,-63.34404,326.8,25.23,285.58,2024-12-13,425,N,n,N,Tarija,Gran Chaco,Yacuiba,364068.557
-11.90243,-65.42901,309.5,3.07,295.3,2024-08-30,555,N20,n,N,Beni,Vaca Diez,Guayaramerín,650218.903
-13.32521,-63.34344,342.73,10.48,308.99,2024-09-20,1811,N,n,D,Beni,Itenez,Magdalena,1363449.184
-16.6587,-60.3605,319.1,30.2,296.8,2024-09-10,627,Aqua,98,N,Santa Cruz,Velasco,San Rafael,973100.718
-13.60926,-62.77261,350.33,19.64,311.4,2024-10-08,1757,N20,n,D,Beni,Itenez,Baures,1761607.494
-14.48514,-62.95497,333.64,9.45,297.65,2024-10-01,1804,N,n,D,Santa Cruz,Guarayos,Urubicha,1046999.667
-17.93941,-59.58283,339.52,8.62,304.45,2024-09-11,1738,N,n,D,Santa Cruz,Chiquitos,Robore,735349.232
-15.55571,-67.48022,333.58,3.11,282.62,2024-10-30,1720,N,n,D,La Paz,Caranavi,Caranavi,308077.105
-17.43579,-59.38382,350.29,6.77,303.75,2024-08-05,1732,N,n,D,Santa Cruz,Angel Sandoval,San Matías,2708229.504
-16.73705,-60.22306,348.02,3.97,305.97,2024-05-21,1758,N,n,D,Santa Cruz,Velasco,San Rafael,973100.718
-16.48019,-61.91455,316.89,3.48,296.3,2024-10-06,537,N,n,N,Santa Cruz,Ñuflo De Chavez,Concepción,3510852.308
-13.35979,-64.46201,304.5,2.87,290.75,2024-08-23,446,N20,n,N,Beni,Mamore,San Ramón,1007855.847
-18.03929,-59.59248,306.32,1.78,295.2,2024-04-27,502,N20,n,N,Santa Cruz,Chiquitos,Robore,735349.232
-17.89938,-59.22421,334.47,3.96,299.87,2024-10-08,1755,N20,n,D,Santa Cruz,Angel Sandoval,San Matías,2708229.504
-15.80907,-63.4859,350.41,29.89,299.21,2024-09-05,1752,N,n,D,Beni,Marban,San Andrés,935478.015
-15.5321,-64.68525,330.59,1.5,298.35,2024-10-08,1732,N,n,D,Beni,Marban,Loreto,536417.598
-16.87337,-60.05107,335.76,6.41,302.15,2024-09-17,1749,N20,n,D,Santa Cruz,Velasco,San Rafael,973100.718
-14.32087,-63.77702,298.06,0.99,287.87,2024-07-30,537,N20,n,N,Beni,Itenez,Huacaraje,446422.634
-15.8216,-62.20313,315.6,1.34,291.52,2024-09-06,524,N20,n,N,Santa Cruz,Ñuflo De Chavez,Concepción,3510852.308
-15.33127,-61.06966,335.95,15.81,306.36,2024-08-21,1757,N20,l,D,Santa Cruz,Velasco,San Ignacio de Velasco,4910231.16
-15.73097,-62.20231,330.21,4.41,299.0,2024-09-02,1708,N,n,D,Santa Cruz,Ñuflo De Chavez,Concepción,3510852.308
-17.19047,-59.42752,298.46,1.06,287.22,2024-07-30,538,N20,n,N,Santa Cruz,Angel Sandoval,San Matías,2708229.504
-17.71547,-59.66674,351.77,11.19,303.45,2024-09-11,1738,N,n,D,Santa Cruz,Chiquitos,Robore,735349.232
-17.37531,-59.19234,344.72,7.86,304.94,2024-08-17,1707,N,n,D,Santa Cruz,Angel Sandoval,San Matías,2708229.504
-17.50332,-59.56615,351.16,12.15,304.35,2024-06-18,1757,N20,n,D,Santa Cruz,Chiquitos,San Jose de Chiquitos,1912059.482
-16.96822,-59.81063,309.38,0.72,295.44,2024-10-02,513,N,n,N,Santa Cruz,Velasco,San Rafael,973100.718
-16.67378,-59.00814,367.0,12.32,303.08,2024-08-02,1648,N,h,D,Santa Cruz,Angel Sandoval,San Matías,2708229.504
-16.82666,-60.30399,335.81,9.74,297.75,2024-09-08,1835,N,n,D,Santa Cruz,Velasco,San Rafael,973100.718
-16.93519,-60.59987,325.63,3.23,282.73,2024-11-26,505,N20,n,N,Santa Cruz,Velasco,San Rafael,973100.718
-17.81115,-58.32407,342.77,4.08,300.81,2024-09-09,428,N20,n,N,Santa Cruz,Angel Sandoval,San Matías,2708229.504
-12.7802,-63.03122,307.35,2.39,295.34,2024-10-02,512,N,n,N,Beni,Itenez,Magdalena,1363449.184
-17.27575,-60.26777,311.54,2.02,294.25,2024-09-10,550,N20,n,N,Santa Cruz,Chiquitos,San Jose de Chiquitos,1912059.482
-19.54683,-63.84766,333.31,6.83,288.28,2024-11-17,1845,N20,n,D,Chuquisaca,Luis Calvo,Villa Vaca Guzmán (Muyupampa),379292.319
-15.3618,-61.0524,323.8,15.4,302.9,2024-08-16,1811,Aqua,25,D,Santa Cruz,Velasco,San Ignacio de Velasco,4910231.16
-12.9415,-65.2406,327.5,19.6,311.8,2024-08-14,1829,Aqua,36,D,Beni,Yacuma,Exaltacion,2497316.752
-15.69931,-60.84417,303.24,1.52,289.81,2024-07-21,442,N,n,N,Santa Cruz,Velasco,San Ignacio de Velasco,4910231.16
-16.47001,-59.21977,304.27,1.31,289.54,2024-07-30,513,N,n,N,Santa Cruz,Angel Sandoval,San Matías,2708229.504
-16.19125,-61.84027,310.59,1.65,290.91,2024-07-04,500,N,n,N,Santa Cruz,Ñuflo De Chavez,Concepción,3510852.308
-14.00663,-64.12303,332.99,4.28,295.11,2024-08-26,1740,N,n,D,Beni,Itenez,Huacaraje,446422.634
-11.86854,-66.08931,332.07,5.6,296.87,2024-10-15,1726,N20,n,D,Beni,Vaca Diez,Riberalta,972562.88
-15.6322,-63.71437,331.68,2.5,303.19,2024-09-04,1810,N,l,D,Beni,Marban,San Andrés,935478.015
-13.24314,-65.94476,356.86,57.2,290.74,2024-10-03,453,N,n,N,Beni,Yacuma,Exaltacion,2497316.752
-15.66056,-62.24485,336.52,5.61,298.25,2024-09-11,507,N,n,N,Santa Cruz,Ñuflo De Chavez,Concepción,3510852.308
-14.67595,-61.08704,342.38,3.56,292.39,2024-09-06,524,N20,n,N,Santa Cruz,Velasco,San Ignacio de Velasco,4910231.16
-15.96466,-60.84111,306.66,8.06,291.26,2024-06-26,550,N,n,N,Santa Cruz,Velasco,San Ignacio de Velasco,4910231.16
-15.86814,-62.01665,338.78,5.65,307.11,2024-07-31,1751,N20,n,D,Santa Cruz,Ñuflo De Chavez,Concepción,3510852.308
-16.10742,-63.88966,352.24,21.24,311.09,2024-07-20,1757,N20,n,D,Santa Cruz,Guarayos,El Puente,674484.183
-17.57416,-58.81035,337.45,5.75,302.27,2024-09-09,1816,N,n,D,Santa Cruz,Angel Sandoval,San Matías,2708229.504
-17.2712,-59.9043,318.8,16.2,293.9,2024-09-23,158,Terra,56,N,Santa Cruz,Chiquitos,San Jose de Chiquitos,1912059.482
-14.0978,-64.497,322.1,11.2,305.7,2024-09-03,1851,Aqua,55,D,Beni,Mamore,San Ramón,1007855.847
-14.82695,-66.37352,340.95,4.54,306.59,2024-10-13,1803,N20,n,D,Beni,General Jose Ballivi,San Borja,1348856.721
-17.93077,-58.92973,319.25,4.5,291.01,2024-09-14,551,N,n,N,Santa Cruz,Angel Sandoval,San Matías,2708229.504
-17.34983,-59.92204,310.09,1.92,296.7,2024-09-07,442,N,n,N,Santa Cruz,Chiquitos,San Jose de Chiquitos,1912059.482
-16.55348,-59.8603,317.45,3.72,289.11,2024-08-08,545,N,n,N,Santa Cruz,Velasco,San Rafael,973100.718
-14.78601,-64.48386,336.97,11.12,295.06,2024-09-26,1821,N20,n,D,Beni,Cercado,Trinidad,253852.066
-17.78816,-59.56005,311.18,3.44,295.52,2024-07-22,423,N,n,N,Santa Cruz,Chiquitos,Robore,735349.232
-17.82972,-58.56796,314.09,2.41,294.74,2024-10-09,505,N20,n,N,Santa Cruz,Angel Sandoval,San Matías,2708229.504
-15.47455,-61.93661,342.1,4.11,294.86,2024-09-06,500,N,n,N,Santa Cruz,Ñuflo De Chavez,Concepción,3510852.308
-17.60657,-62.98955,367.0,6.26,295.82,2024-11-11,1834,N,h,D,Santa Cruz,Warnes,Warnes,131530.529
-13.68185,-63.94884,344.83,52.78,306.18,2024-08-03,1811,N,n,D,Beni,Itenez,Huacaraje,446422.634
-14.80015,-66.49148,330.67,2.56,299.02,2024-10-02,536,N20,n,N,Beni,General Jose Ballivi,San Borja,1348856.721
-16.27793,-64.41471,308.6,2.56,294.95,2024-09-30,550,N,n,N,Santa Cruz,Ichilo,Yapacaní,951411.755
-17.31196,-59.33541,306.85,1.04,286.44,2024-07-30,513,N,n,N,Santa Cruz,Angel Sandoval,San Matías,2708229.504
-13.9069,-64.0583,336.8,26.9,306.1,2024-08-02,1833,Aqua,86,D,Beni,Itenez,Huacaraje,446422.634
-10.816,-65.4468,328.4,21.7,304.8,2024-08-14,1830,Aqua,72,D,Beni,Vaca Diez,Guayaramerín,650218.903
-16.71104,-59.34391,323.19,3.61,296.05,2024-08-03,422,N20,n,N,Santa Cruz,Angel Sandoval,San Matías,2708229.504
-15.89421,-64.10839,331.29,3.12,288.67,2024-07-30,537,N20,n,N,Santa Cruz,Guarayos,El Puente,674484.183
-15.60458,-63.54015,315.06,3.18,288.12,2024-09-18,616,N,n,N,Santa Cruz,Guarayos,Ascención de Guarayos,867384.615
-16.86668,-63.64732,337.41,3.4,301.7,2024-08-26,1739,N,n,D,Santa Cruz,Sara,Santa Rosa del Sara,411372.581
-17.79187,-59.12322,321.54,3.47,298.03,2024-09-08,447,N20,n,N,Santa Cruz,Angel Sandoval,San Matías,2708229.504
-15.64499,-63.14287,350.2,28.98,309.85,2024-07-24,1822,N20,n,D,Santa Cruz,Guarayos,Urubicha,1046999.667
-17.68804,-58.39813,312.34,0.86,286.81,2024-08-27,512,N20,n,N,Santa Cruz,Angel Sandoval,San Matías,2708229.504
-17.76543,-59.60521,342.19,5.7,309.55,2024-08-21,1732,N,n,D,Santa Cruz,Chiquitos,Robore,735349.232
-16.87962,-61.78619,334.67,12.27,307.57,2024-07-21,1738,N20,n,D,Santa Cruz,Ñuflo De Chavez,San Antonio de Lomerio,250268.452
-16.74008,-58.7822,367.0,69.5,333.2,2024-08-14,1647,N20,l,D,Santa Cruz,Angel Sandoval,San Matías,2708229.504
-15.31314,-63.0434,317.12,4.82,295.32,2024-09-24,446,N20,n,N,Santa Cruz,Guarayos,Urubicha,1046999.667
-17.45638,-59.48264,332.34,2.24,304.7,2024-09-11,1738,N,l,D,Santa Cruz,Angel Sandoval,San Matías,2708229.504
-15.6349,-62.826,309.4,10.5,296.2,2024-09-20,637,Aqua,40,N,Santa Cruz,Guarayos,Urubicha,1046999.667
-15.47351,-61.80081,339.23,4.19,301.65,2024-09-11,530,N20,n,N,Santa Cruz,Ñuflo De Chavez,Concepción,3510852.308
-15.66377,-62.28812,353.17,150.51,302.51,2024-10-02,1808,N20,n,D,Santa Cruz,Ñuflo De Chavez,Concepción,3510852.308
-15.81825,-62.37867,308.22,3.76,295.24,2024-10-02,512,N,n,N,Santa Cruz,Ñuflo De Chavez,Concepción,3510852.308
-17.43811,-59.10133,316.76,2.17,295.47,2024-09-11,531,N20,n,N,Santa Cruz,Angel Sandoval,San Matías,2708229.504
-13.97917,-65.21371,355.42,19.62,309.72,2024-10-01,1804,N,n,D,Beni,Yacuma,Santa Ana de Yacuma,2009278.188
-16.86188,-58.71631,345.96,7.34,308.04,2024-08-15,1745,N,n,D,Santa Cruz,Angel Sandoval,San Matías,2708229.504
-14.96022,-60.90806,355.62,21.78,292.67,2024-08-26,531,N20,n,N,Santa Cruz,Velasco,San Ignacio de Velasco,4910231.16
-16.50196,-60.69958,352.02,6.49,300.96,2024-08-21,501,N,n,N,Santa Cruz,Velasco,San Ignacio de Velasco,4910231.16
-14.53458,-65.52753,338.36,14.32,304.05,2024-11-04,1750,N20,n,D,Beni,Moxos,San Ignacio,2001132.642
-15.67596,-61.03394,303.83,0.63,289.8,2024-07-29,556,N20,n,N,Santa Cruz,Velasco,San Ignacio de Velasco,4910231.16
-21.07298,-62.82438,306.87,0.97,291.26,2024-12-06,455,N,n,N,Tarija,Gran Chaco,Villamontes,1178412.511
-14.11901,-64.64861,350.57,15.53,294.57,2024-04-22,1728,N20,n,D,Beni,Cercado,San Javier,817332.335
-14.83525,-61.67886,305.36,0.94,288.47,2024-09-16,513,N,n,N,Santa Cruz,Ñuflo De Chavez,Concepción,3510852.308
-13.51939,-63.06001,331.51,4.59,299.61,2024-08-29,1824,N,n,D,Beni,Itenez,Baures,1761607.494
-17.7498,-59.6198,309.7,9.6,296.1,2024-08-31,617,Aqua,44,N,Santa Cruz,Chiquitos,Robore,735349.232
-14.82816,-60.73379,355.97,24.71,306.42,2024-09-02,459,N20,n,N,Santa Cruz,Velasco,San Ignacio de Velasco,4910231.16
-15.63036,-68.66035,339.88,5.36,301.97,2024-08-20,1816,N20,n,D,La Paz,Larecaja,Quiabaya,13363.254
-16.46111,-59.94354,343.08,49.98,316.7,2024-08-21,1757,N20,l,D,Santa Cruz,Velasco,San Rafael,973100.718
-15.32993,-64.21194,346.95,12.36,312.24,2024-07-19,1816,N20,n,D,Beni,Marban,San Andrés,935478.015
-15.66577,-62.59314,338.39,11.69,299.37,2024-09-09,544,N,n,N,Santa Cruz,Ñuflo De Chavez,Concepción,3510852.308
-14.81382,-63.10378,342.06,8.07,301.1,2024-10-12,1757,N,n,D,Santa Cruz,Guarayos,Urubicha,1046999.667
-16.19768,-60.45911,299.83,0.25,285.99,2024-06-30,500,N20,n,N,Santa Cruz,Velasco,San Ignacio de Velasco,4910231.16
-18.33201,-59.81018,319.4,7.25,291.24,2024-01-11,532,N20,n,N,Santa Cruz,Chiquitos,Robore,735349.232
-17.73484,-59.22679,311.06,1.35,294.89,2024-08-31,514,N,n,N,Santa Cruz,Angel Sandoval,San Matías,2708229.504
-16.87752,-63.2581,336.07,3.31,295.12,2024-10-24,1756,N20,n,D,Santa Cruz,Obispo Santisteban,Fernandez Alonso,76013.96
-15.33579,-62.20877,320.19,1.88,297.37,2024-09-11,530,N20,n,N,Santa Cruz,Ñuflo De Chavez,Concepción,3510852.308
-14.07768,-63.9663,314.44,3.0,295.98,2024-10-12,524,N,n,N,Beni,Itenez,Huacaraje,446422.634
-15.5094,-61.89004,349.66,17.43,308.67,2024-09-07,1738,N20,n,D,Santa Cruz,Ñuflo De Chavez,Concepción,3510852.308
-17.35358,-60.90795,350.17,5.78,303.3,2024-07-23,1700,N20,n,D,Santa Cruz,Chiquitos,San Jose de Chiquitos,1912059.482
-17.70207,-57.97246,342.91,8.19,303.63,2024-08-27,1743,N20,n,D,Santa Cruz,Angel Sandoval,San Matías,2708229.504
-16.5166,-59.97632,313.55,2.72,295.42,2024-09-03,441,N20,n,N,Santa Cruz,Velasco,San Rafael,973100.718
-15.70117,-61.16028,343.51,28.29,302.1,2024-02-16,1739,N,n,D,Santa Cruz,Velasco,San Ignacio de Velasco,4910231.16
-17.89063,-61.04562,298.38,0.58,286.94,2024-05-31,424,N20,n,N,Santa Cruz,Chiquitos,San Jose de Chiquitos,1912059.482
-15.19768,-64.39147,340.66,13.65,306.2,2024-08-26,1803,N20,n,D,Beni,Marban,San Andrés,935478.015
-14.3626,-63.0059,347.72,16.97,291.59,2024-09-20,1834,N20,n,D,Santa Cruz,Guarayos,Urubicha,1046999.667
-15.6963,-62.13444,316.39,1.59,292.75,2024-09-06,524,N20,n,N,Santa Cruz,Ñuflo De Chavez,Concepción,3510852.308
-14.6484,-61.4663,326.1,21.2,298.5,2024-10-12,1848,Aqua,44,D,Santa Cruz,Velasco,San Ignacio de Velasco,4910231.16
-17.24261,-60.30565,335.74,3.54,301.79,2024-10-02,1744,N,n,D,Santa Cruz,Chiquitos,San Jose de Chiquitos,1912059.482
-15.45198,-62.9203,313.67,1.73,295.52,2024-09-24,603,N,n,N,Santa Cruz,Guarayos,Urubicha,1046999.667
-15.4581,-63.83736,339.68,23.6,306.2,2024-09-01,1750,N20,n,D,Beni,Marban,San Andrés,935478.015
-13.95628,-64.0118,303.94,0.52,281.28,2024-07-09,531,N20,n,N,Beni,Itenez,Huacaraje,446422.634
-11.17002,-65.46571,331.38,5.65,299.97,2024-06-28,1811,N20,n,D,Beni,Vaca Diez,Guayaramerín,650218.903
-16.99024,-59.81261,339.61,10.17,299.67,2024-09-18,1707,N,n,D,Santa Cruz,Velasco,San Rafael,973100.718
-15.10947,-63.10922,367.0,8.22,302.46,2024-08-29,1707,N20,h,D,Santa Cruz,Guarayos,Urubicha,1046999.667
-13.67357,-63.04703,345.76,11.67,291.28,2024-10-08,1757,N20,n,D,Beni,Itenez,Baures,1761607.494
-14.6843,-60.96233,355.48,17.58,312.17,2024-09-10,1758,N,n,D,Santa Cruz,Velasco,San Ignacio de Velasco,4910231.16
-13.71174,-64.74236,367.0,18.74,318.48,2024-07-31,1751,N20,h,D,Beni,Mamore,San Ramón,1007855.847
-15.25291,-63.18824,313.19,3.21,294.06,2024-09-22,500,N,n,N,Santa Cruz,Guarayos,Urubicha,1046999.667
-10.78366,-65.42066,317.66,1.65,291.71,2024-08-25,525,N,n,N,Beni,Vaca Diez,Guayaramerín,650218.903
-13.87041,-66.90858,306.43,3.98,291.6,2024-01-11,531,N20,n,N,Beni,General Jose Ballivi,Santa Rosa,1210566.888
-14.64565,-61.07326,319.53,1.91,295.13,2024-09-05,519,N,n,N,Santa Cruz,Velasco,San Ignacio de Velasco,4910231.16
-12.32101,-65.23674,337.17,6.45,302.42,2024-08-03,1812,N,n,D,Beni,Yacuma,Exaltacion,2497316.752
-17.60302,-58.01199,330.95,3.5,299.01,2024-08-23,447,N20,n,N,Santa Cruz,Angel Sandoval,San Matías,2708229.504
-13.6044,-67.6707,317.3,25.7,296.6,2024-11-16,1427,Terra,44,D,La Paz,Abel Iturralde,Ixiamas,3745288.103
-14.34272,-62.82038,331.1,3.04,291.99,2024-10-03,1750,N20,n,D,Santa Cruz,Ñuflo De Chavez,Concepción,3510852.308
-16.31435,-59.54361,367.0,12.22,303.85,2024-07-24,1822,N20,h,D,Santa Cruz,Velasco,San Ignacio de Velasco,4910231.16
-16.61963,-60.13104,311.29,0.76,293.33,2024-08-06,506,N20,n,N,Santa Cruz,Velasco,San Rafael,973100.718
-14.72445,-65.85719,320.71,3.98,292.28,2024-10-13,506,N,n,N,Beni,Yacuma,Santa Ana de Yacuma,2009278.188
-17.60312,-57.78979,336.54,11.19,293.33,2024-09-06,501,N,n,N,Santa Cruz,Angel Sandoval,San Matías,2708229.504
-16.85233,-60.44675,346.74,5.56,311.39,2024-09-07,1737,N20,n,D,Santa Cruz,Velasco,San Rafael,973100.718
-15.48425,-65.69079,367.0,10.51,292.04,2024-08-23,1836,N,h,D,Beni,Moxos,San Ignacio,2001132.642
-15.91694,-61.26378,332.82,4.82,302.21,2024-06-12,1810,N20,n,D,Santa Cruz,Velasco,San Ignacio de Velasco,4910231.16
-15.02933,-63.43169,318.3,3.59,298.13,2024-09-21,519,N,n,N,Santa Cruz,Guarayos,Urubicha,1046999.667
-13.0778,-65.56946,333.0,9.4,288.2,2024-10-16,1847,N20,n,D,Beni,Yacuma,Exaltacion,2497316.752
-14.95025,-61.67139,302.89,1.81,290.78,2024-09-06,524,N20,n,N,Santa Cruz,Ñuflo De Chavez,Concepción,3510852.308
-13.62879,-62.78301,346.51,4.29,299.31,2024-10-30,1744,N20,n,D,Beni,Itenez,Baures,1761607.494
-16.50582,-60.22036,311.61,1.43,293.44,2024-08-05,525,N20,n,N,Santa Cruz,Velasco,San Rafael,973100.718
-16.4006,-60.2105,315.5,15.0,297.4,2024-08-15,204,Terra,91,N,Santa Cruz,Velasco,San Ignacio de Velasco,4910231.16
-16.63849,-59.48037,333.71,2.29,287.6,2024-08-03,1654,N20,n,D,Santa Cruz,Angel Sandoval,San Matías,2708229.504
-18.63788,-58.35764,367.0,102.14,335.37,2024-06-28,1744,N,h,D,Santa Cruz,German Busch,Carmen Rivero Torrez,1101079.142
-15.57274,-61.49672,344.12,6.5,303.05,2024-09-17,1750,N20,n,D,Santa Cruz,Ñuflo De Chavez,Concepción,3510852.308
-17.54013,-58.4377,321.18,2.56,294.81,2024-09-08,447,N20,n,N,Santa Cruz,Angel Sandoval,San Matías,2708229.504
-16.36136,-59.83002,349.11,13.29,291.23,2024-08-12,1701,N,n,D,Santa Cruz,Velasco,San Ignacio de Velasco,4910231.16
-17.93111,-57.86328,367.0,14.63,305.78,2024-09-10,1757,N,h,D,Santa Cruz,Angel Sandoval,San Matías,2708229.504
-11.85933,-66.02267,313.85,2.08,294.49,2024-08-30,531,N,n,N,Beni,Vaca Diez,Riberalta,972562.88
-15.67629,-63.38786,298.16,0.46,287.62,2024-07-30,537,N20,n,N,Santa Cruz,Guarayos,Ascención de Guarayos,867384.615
-14.53734,-64.01607,311.15,2.28,294.05,2024-10-07,518,N,n,N,Beni,Cercado,San Javier,817332.335
-15.65586,-64.44532,306.48,2.28,287.48,2024-09-25,608,N20,n,N,Beni,Marban,San Andrés,935478.015
-16.707,-67.91687,332.47,8.19,297.66,2024-08-17,1848,N,n,D,La Paz,Murillo,Mecapaca,53310.944
-14.4029,-62.496,318.7,21.5,295.5,2024-10-12,635,Aqua,97,N,Santa Cruz,Ñuflo De Chavez,Concepción,3510852.308
-17.54288,-58.58,309.69,1.95,295.56,2024-09-08,447,N20,n,N,Santa Cruz,Angel Sandoval,San Matías,2708229.504
-18.27677,-63.01809,308.73,1.68,286.97,2024-01-21,545,N20,n,N,Santa Cruz,Cordillera,Cabezas,505815.887
-13.8567,-60.634,356.08,46.06,289.21,2024-10-09,1738,N20,n,D,Santa Cruz,Velasco,San Ignacio de Velasco,4910231.16
-17.15181,-59.45584,350.72,16.34,298.24,2024-08-04,1815,N20,n,D,Santa Cruz,Angel Sandoval,San Matías,2708229.504
-15.73211,-60.23988,333.74,5.13,287.95,2024-08-14,556,N20,n,N,Santa Cruz,Velasco,San Ignacio de Velasco,4910231.16
-15.26838,-63.45375,323.35,3.3,298.88,2024-08-31,513,N,n,N,Santa Cruz,Guarayos,Ascención de Guarayos,867384.615
-13.13231,-66.8768,339.61,5.38,305.0,2024-10-16,1823,N,n,D,Beni,General Jose Ballivi,Reyes,1264166.592
-15.03649,-61.93973,307.31,2.21,289.22,2024-10-04,458,N20,n,N,Santa Cruz,Ñuflo De Chavez,Concepción,3510852.308
-16.91356,-59.39963,327.3,2.24,298.02,2024-08-05,501,N,n,N,Santa Cruz,Angel Sandoval,San Matías,2708229.504
-17.50942,-59.52528,367.0,9.97,313.67,2024-07-03,1751,N,h,D,Santa Cruz,Chiquitos,San Jose de Chiquitos,1912059.482
-16.25364,-61.79448,326.23,1.26,293.73,2024-08-15,513,N,n,N,Santa Cruz,Ñuflo De Chavez,Concepción,3510852.308
-15.88127,-62.27133,345.56,8.89,300.67,2024-09-22,1756,N20,n,D,Santa Cruz,Ñuflo De Chavez,Concepción,3510852.308
-17.81275,-59.23667,314.78,3.51,293.92,2024-09-08,423,N,n,N,Santa Cruz,Angel Sandoval,San Matías,2708229.504
-12.54311,-64.1115,317.67,85.86,320.95,2024-08-16,1752,N20,l,D,Beni,Itenez,Magdalena,1363449.184
-17.86595,-59.10247,334.74,25.5,307.46,2024-09-08,1718,N20,n,D,Santa Cruz,Angel Sandoval,San Matías,2708229.504
-14.92311,-61.81432,354.92,15.08,296.96,2024-09-17,517,N20,n,N,Santa Cruz,Ñuflo De Chavez,Concepción,3510852.308
-15.65938,-61.44731,314.48,2.47,296.31,2024-09-08,446,N20,n,N,Santa Cruz,Ñuflo De Chavez,Concepción,3510852.308
-17.51043,-59.07092,337.46,5.52,309.02,2024-09-07,1737,N20,l,D,Santa Cruz,Angel Sandoval,San Matías,2708229.504
-15.30705,-61.19329,355.27,26.49,316.55,2024-09-07,1738,N20,n,D,Santa Cruz,Velasco,San Ignacio de Velasco,4910231.16
-17.10233,-58.63412,355.61,25.77,308.67,2024-08-06,1738,N20,n,D,Santa Cruz,Angel Sandoval,San Matías,2708229.504
-14.71414,-60.7394,337.13,3.94,290.7,2024-09-21,542,N20,n,N,Santa Cruz,Velasco,San Ignacio de Velasco,4910231.16
-17.90341,-59.29116,313.94,5.02,296.13,2024-10-06,538,N,n,N,Santa Cruz,Angel Sandoval,San Matías,2708229.504
-17.7265,-62.7933,320.8,25.0,298.6,2024-01-09,1420,Terra,68,D,Santa Cruz,Andres Ibañez,Cotoca,61950.178
-14.94489,-61.45134,327.16,1.89,295.75,2024-09-03,557,N,n,N,Santa Cruz,Velasco,San Ignacio de Velasco,4910231.16
-15.47649,-62.44269,326.42,6.46,301.35,2024-09-10,525,N,n,N,Santa Cruz,Ñuflo De Chavez,Concepción,3510852.308
-15.19577,-60.64198,353.8,23.61,308.54,2024-08-28,1702,N,n,D,Santa Cruz,Velasco,San Ignacio de Velasco,4910231.16
-15.42782,-65.29271,342.63,6.34,314.76,2024-09-10,1758,N,l,D,Beni,Moxos,San Ignacio,2001132.642
-15.65436,-61.16496,305.81,3.42,291.94,2024-08-07,447,N20,n,N,Santa Cruz,Velasco,San Ignacio de Velasco,4910231.16
-14.88681,-62.2999,332.76,17.36,300.74,2024-09-26,548,N20,n,N,Santa Cruz,Ñuflo De Chavez,Concepción,3510852.308
-17.42892,-59.54144,307.04,2.82,294.39,2024-09-03,441,N20,n,N,Santa Cruz,Chiquitos,San Jose de Chiquitos,1912059.482
-18.29953,-57.70654,342.43,4.06,300.37,2024-09-12,512,N20,n,N,Santa Cruz,German Busch,Puerto Quijarro,145026.251
-18.41029,-57.65328,367.0,30.96,312.26,2024-08-20,1751,N,h,D,Santa Cruz,German Busch,Puerto Quijarro,145026.251
-14.47783,-61.71955,307.7,1.38,291.24,2024-10-11,543,N,n,N,Santa Cruz,Velasco,San Ignacio de Velasco,4910231.16
-15.2452,-63.37353,335.67,2.15,295.26,2024-09-10,525,N,n,N,Santa Cruz,Guarayos,Ascención de Guarayos,867384.615
-18.38938,-63.32202,342.72,10.49,307.31,2024-10-08,1731,N,n,D,Santa Cruz,Cordillera,Cabezas,505815.887
-15.98249,-63.06787,342.49,39.26,302.03,2024-11-10,1713,N,n,D,Santa Cruz,Guarayos,Ascención de Guarayos,867384.615
-14.88297,-63.96918,331.97,1.95,302.89,2024-08-16,1751,N20,l,D,Beni,Marban,San Andrés,935478.015
-15.21161,-61.40055,351.26,6.93,308.91,2024-08-21,1733,N,n,D,Santa Cruz,Velasco,San Ignacio de Velasco,4910231.16
-17.0559,-59.566,343.2,47.2,308.8,2024-09-10,1838,Aqua,89,D,Santa Cruz,Chiquitos,San Jose de Chiquitos,1912059.482
-16.15028,-61.65097,333.31,7.15,301.23,2024-09-09,1816,N,n,D,Santa Cruz,Velasco,San Ignacio de Velasco,4910231.16
-16.3033,-61.334,326.3,21.7,289.2,2024-04-07,1354,Terra,82,D,Santa Cruz,Velasco,San Miguel de Velasco,954415.805
-16.15152,-61.67007,302.74,0.66,290.11,2024-08-15,513,N,n,N,Santa Cruz,Velasco,San Ignacio de Velasco,4910231.16
-13.791,-63.2264,317.3,46.0,297.3,2024-08-06,1759,Aqua,64,D,Beni,Itenez,Baures,1761607.494
-16.3198,-64.2696,319.4,10.0,298.3,2024-10-24,1352,Terra,59,D,Santa Cruz,Ichilo,Yapacaní,951411.755
-17.61667,-58.26718,345.67,15.7,306.51,2024-08-21,1756,N20,n,D,Santa Cruz,Angel Sandoval,San Matías,2708229.504
-18.06141,-57.76783,308.62,1.54,292.61,2024-09-24,446,N20,n,N,Santa Cruz,German Busch,Puerto Suarez,1298155.148
-13.90624,-63.28252,344.29,13.47,295.64,2024-10-01,1828,N20,n,D,Beni,Itenez,Baures,1761607.494
-18.34747,-57.68401,325.23,2.68,285.18,2024-08-26,531,N20,n,N,Santa Cruz,German Busch,Puerto Quijarro,145026.251
-16.4221,-64.03653,332.06,2.35,305.07,2024-07-18,1810,N,l,D,Santa Cruz,Sara,Santa Rosa del Sara,411372.581
-13.81117,-66.98205,335.0,13.17,302.05,2024-01-09,1752,N,l,D,Beni,General Jose Ballivi,Santa Rosa,1210566.888
-16.42172,-62.78601,308.1,12.3,290.67,2024-07-20,501,N,n,N,Santa Cruz,Ñuflo De Chavez,San Javier,338137.628
-16.9497,-60.4131,321.4,21.7,303.9,2024-08-28,1805,Aqua,22,D,Santa Cruz,Velasco,San Rafael,973100.718
-14.69971,-65.45184,331.99,2.66,306.7,2024-09-06,1757,N20,l,D,Beni,Moxos,San Ignacio,2001132.642
-16.87956,-59.15215,333.04,48.9,298.2,2024-07-23,1636,N,n,D,Santa Cruz,Angel Sandoval,San Matías,2708229.504
-11.87517,-65.86906,304.07,1.21,285.95,2024-10-17,530,N,n,N,Beni,Vaca Diez,Riberalta,972562.88
-17.26687,-58.84617,352.1,25.92,306.32,2024-08-05,1756,N20,n,D,Santa Cruz,Angel Sandoval,San Matías,2708229.504
-14.55202,-64.01772,311.24,2.99,295.49,2024-10-07,518,N,n,N,Beni,Cercado,San Javier,817332.335
-16.62652,-59.82905,333.94,8.39,306.28,2024-09-07,1714,N,l,D,Santa Cruz,Velasco,San Rafael,973100.718
-15.93785,-61.39977,319.16,6.99,288.94,2024-06-05,429,N20,n,N,Santa Cruz,Velasco,San Ignacio de Velasco,4910231.16
-15.40914,-61.33332,347.6,5.05,305.94,2024-08-27,1744,N20,n,D,Santa Cruz,Velasco,San Ignacio de Velasco,4910231.16
-17.43697,-58.88599,367.0,11.1,305.37,2024-09-09,1635,N,h,D,Santa Cruz,Angel Sandoval,San Matías,2708229.504
-14.0418,-65.2381,310.5,9.8,290.5,2024-09-28,203,Terra,41,N,Beni,Yacuma,Santa Ana de Yacuma,2009278.188
-14.92773,-61.40007,347.72,5.91,305.51,2024-08-31,1746,N,n,D,Santa Cruz,Velasco,San Ignacio de Velasco,4910231.16
-15.91365,-62.14116,314.22,1.29,292.57,2024-08-17,500,N20,n,N,Santa Cruz,Ñuflo De Chavez,Concepción,3510852.308
-15.336,-63.30873,332.24,2.49,303.49,2024-09-02,1732,N20,l,D,Santa Cruz,Guarayos,Ascención de Guarayos,867384.615
-15.45961,-63.99933,350.79,29.37,306.69,2024-10-01,1803,N,n,D,Beni,Marban,San Andrés,935478.015
-14.57242,-62.99645,322.62,6.14,297.63,2024-10-02,536,N20,n,N,Santa Cruz,Guarayos,Urubicha,1046999.667
-15.88485,-62.8663,340.73,9.83,302.64,2024-09-10,1758,N,n,D,Santa Cruz,Guarayos,Ascención de Guarayos,867384.615
-16.03183,-62.96771,340.01,9.32,296.87,2024-10-12,1821,N20,n,D,Santa Cruz,Guarayos,Ascención de Guarayos,867384.615
-15.9433,-62.29461,305.7,1.32,294.35,2024-09-08,603,N,n,N,Santa Cruz,Ñuflo De Chavez,Concepción,3510852.308
-15.80255,-62.5204,321.05,1.84,294.94,2024-09-12,448,N,n,N,Santa Cruz,Ñuflo De Chavez,Concepción,3510852.308
-14.64338,-63.04274,319.18,3.64,294.22,2024-10-07,518,N,n,N,Santa Cruz,Guarayos,Urubicha,1046999.667
-14.84109,-60.53993,308.35,1.9,296.36,2024-09-25,544,N,n,N,Santa Cruz,Velasco,San Ignacio de Velasco,4910231.16
-21.77985,-63.28156,306.34,0.8,296.16,2024-02-23,527,N20,n,N,Tarija,Gran Chaco,Yacuiba,364068.557
-14.81207,-63.10546,306.9,1.12,290.2,2024-10-12,524,N,n,N,Santa Cruz,Guarayos,Urubicha,1046999.667
-17.36479,-58.9845,313.08,1.25,296.2,2024-09-08,447,N20,n,N,Santa Cruz,Angel Sandoval,San Matías,2708229.504
-13.3242,-64.4009,348.3,44.3,302.3,2024-10-02,1840,Aqua,93,D,Beni,Mamore,San Ramón,1007855.847
-13.32924,-63.04658,309.06,4.35,295.24,2024-10-02,512,N,n,N,Beni,Itenez,Magdalena,1363449.184
-17.05223,-58.57725,306.47,1.39,294.78,2024-07-26,512,N20,n,N,Santa Cruz,Angel Sandoval,San Matías,2708229.504
-16.5981,-65.47237,336.13,6.33,290.76,2024-10-11,1840,N20,n,D,Cochabamba,Chapare,Villa Tunari,1456095.378
-14.26328,-63.1485,315.37,1.64,289.74,2024-10-01,531,N,n,N,Santa Cruz,Guarayos,Urubicha,1046999.667
-14.54,-63.44402,367.0,19.51,303.72,2024-10-02,1809,N20,h,D,Santa Cruz,Guarayos,Ascención de Guarayos,867384.615
-15.81292,-62.88725,353.19,19.05,311.96,2024-09-05,1752,N,n,D,Santa Cruz,Guarayos,Ascención de Guarayos,867384.615
-15.0437,-61.8527,313.1,12.9,298.9,2024-09-25,141,Terra,68,N,Santa Cruz,Ñuflo De Chavez,Concepción,3510852.308
-16.35995,-59.85056,367.0,15.48,310.64,2024-08-14,1804,N,h,D,Santa Cruz,Velasco,San Ignacio de Velasco,4910231.16
-16.36873,-62.03646,340.04,9.28,294.61,2024-07-20,501,N,n,N,Santa Cruz,Ñuflo De Chavez,Concepción,3510852.308
-15.17736,-63.34363,340.73,9.31,301.71,2024-09-01,1751,N20,n,D,Santa Cruz,Guarayos,Ascención de Guarayos,867384.615
-12.6254,-68.0831,376.8,161.0,309.0,2024-10-12,1848,Aqua,100,D,La Paz,Abel Iturralde,Ixiamas,3745288.103
-15.1921,-64.2189,313.1,19.1,285.7,2024-09-30,1413,Terra,52,D,Beni,Marban,San Andrés,935478.015
-12.66221,-63.1083,331.88,10.17,298.75,2024-09-28,1744,N20,n,D,Beni,Itenez,Magdalena,1363449.184
-20.0756,-65.75407,343.56,9.63,295.91,2024-06-26,1705,N20,n,D,Potosi,Jose Maria Linares,"Caiza ""D""",137600.723
-17.76463,-59.05199,340.85,6.32,302.02,2024-08-27,1743,N20,n,D,Santa Cruz,Angel Sandoval,San Matías,2708229.504
-16.42102,-59.16027,336.45,6.48,307.52,2024-07-31,1750,N20,l,D,Santa Cruz,Angel Sandoval,San Matías,2708229.504
-16.75387,-60.83865,356.31,7.72,299.64,2024-12-30,1659,N20,n,D,Santa Cruz,Velasco,San Rafael,973100.718
-16.32498,-59.70709,315.51,1.58,291.75,2024-09-06,524,N20,n,N,Santa Cruz,Velasco,San Ignacio de Velasco,4910231.16
-13.81755,-64.59531,344.38,41.24,303.14,2024-08-04,1816,N20,n,D,Beni,Mamore,San Ramón,1007855.847
-14.55521,-65.33765,312.07,9.92,292.64,2024-09-08,446,N20,n,N,Beni,Moxos,San Ignacio,2001132.642
-15.64641,-62.06015,335.27,5.27,297.44,2024-09-04,538,N,n,N,Santa Cruz,Ñuflo De Chavez,Concepción,3510852.308
-15.3148,-63.07827,307.96,2.13,294.59,2024-10-02,536,N20,n,N,Santa Cruz,Guarayos,Urubicha,1046999.667
-21.17434,-63.21716,338.28,4.23,293.22,2024-01-09,611,N20,n,N,Tarija,Gran Chaco,Villamontes,1178412.511
-16.49122,-60.00182,323.98,1.83,295.67,2024-09-01,518,N20,n,N,Santa Cruz,Velasco,San Rafael,973100.718
-16.68957,-60.04233,320.12,1.94,294.03,2024-09-02,459,N20,n,N,Santa Cruz,Velasco,San Rafael,973100.718
-14.86639,-66.34186,316.45,1.52,287.62,2024-10-14,511,N20,n,N,Beni,General Jose Ballivi,San Borja,1348856.721
-15.70842,-60.72091,338.19,4.03,291.23,2024-06-15,556,N,n,N,Santa Cruz,Velasco,San Ignacio de Velasco,4910231.16
-16.70381,-60.04548,308.15,3.41,292.77,2024-09-04,602,N20,n,N,Santa Cruz,Velasco,San Rafael,973100.718
-16.50068,-59.55427,345.34,68.2,305.25,2024-08-05,1757,N20,n,D,Santa Cruz,Velasco,San Rafael,973100.718
-16.13843,-61.21867,338.52,5.58,302.97,2024-07-02,1810,N,n,D,Santa Cruz,Velasco,San Ignacio de Velasco,4910231.16
-14.81258,-62.33472,342.04,6.16,291.52,2024-10-04,458,N20,n,N,Santa Cruz,Ñuflo De Chavez,Concepción,3510852.308
-15.38472,-63.47632,305.96,1.5,289.07,2024-08-27,448,N,n,N,Santa Cruz,Guarayos,Ascención de Guarayos,867384.615
-15.79186,-61.13535,325.5,2.64,298.82,2024-08-22,506,N20,n,N,Santa Cruz,Velasco,San Ignacio de Velasco,4910231.16
-17.11946,-60.19856,341.61,14.96,291.18,2024-09-20,1833,N20,n,D,Santa Cruz,Velasco,San Rafael,973100.718
-16.56861,-63.48349,346.21,8.01,303.8,2024-08-14,1828,N20,n,D,Santa Cruz,Obispo Santisteban,San Pedro,308117.248
-16.8584,-60.0188,318.4,12.1,298.7,2024-09-12,609,Aqua,38,N,Santa Cruz,Velasco,San Rafael,973100.718
-13.85668,-60.53563,301.29,1.59,269.99,2024-10-12,548,N20,n,N,Santa Cruz,Velasco,San Ignacio de Velasco,4910231.16
-15.4368,-62.64727,327.29,3.87,296.11,2024-08-20,543,N20,n,N,Santa Cruz,Ñuflo De Chavez,Concepción,3510852.308
-17.47787,-59.63765,345.48,5.7,301.75,2024-09-04,1810,N,n,D,Santa Cruz,Chiquitos,San Jose de Chiquitos,1912059.482
-15.91398,-61.46923,341.72,11.64,291.03,2024-11-05,459,N20,n,N,Santa Cruz,Velasco,San Ignacio de Velasco,4910231.16
-16.14453,-64.58998,338.51,10.06,296.87,2024-10-02,513,N,n,N,Santa Cruz,Ichilo,Yapacaní,951411.755
-11.54198,-65.27185,330.4,7.61,292.08,2024-10-03,452,N,n,N,Beni,Vaca Diez,Guayaramerín,650218.903
-13.77285,-64.38548,346.68,17.13,303.79,2024-07-22,1720,N20,n,D,Beni,Mamore,San Ramón,1007855.847
-15.88579,-60.85528,306.7,1.63,291.08,2024-08-28,453,N20,n,N,Santa Cruz,Velasco,San Ignacio de Velasco,4910231.16
-14.91974,-60.62942,305.45,1.84,291.84,2024-09-06,500,N,n,N,Santa Cruz,Velasco,San Ignacio de Velasco,4910231.16
-13.73272,-63.85158,298.34,1.42,286.61,2024-07-16,459,N20,n,N,Beni,Itenez,Huacaraje,446422.634
-12.66992,-63.13171,351.06,8.66,292.29,2024-09-17,517,N20,n,N,Beni,Itenez,Magdalena,1363449.184
-16.29234,-59.70304,353.56,5.36,315.47,2024-09-07,1737,N20,n,D,Santa Cruz,Velasco,San Ignacio de Velasco,4910231.16
-15.80712,-61.89772,345.61,19.6,299.58,2024-08-11,1744,N20,n,D,Santa Cruz,Ñuflo De Chavez,Concepción,3510852.308
-14.75636,-63.46783,312.3,2.72,296.86,2024-09-22,500,N,n,N,Santa Cruz,Guarayos,Urubicha,1046999.667
-14.66757,-62.84404,330.44,6.48,297.27,2024-10-06,1810,N,n,D,Santa Cruz,Ñuflo De Chavez,Concepción,3510852.308
-15.43776,-60.68239,355.04,19.47,301.95,2024-08-18,1713,N20,n,D,Santa Cruz,Velasco,San Ignacio de Velasco,4910231.16
-15.8455,-62.7501,305.4,5.0,291.2,2024-09-06,204,Terra,21,N,Santa Cruz,Ñuflo De Chavez,Concepción,3510852.308
-15.9549,-62.1559,315.9,22.4,297.7,2024-09-03,142,Terra,92,N,Santa Cruz,Ñuflo De Chavez,Concepción,3510852.308
-11.33153,-66.14928,314.84,2.74,288.51,2024-09-26,548,N20,n,N,Beni,Vaca Diez,Riberalta,972562.88
-16.59926,-59.84248,367.0,5.06,311.58,2024-08-21,1733,N,h,D,Santa Cruz,Velasco,San Rafael,973100.718
-15.66414,-61.694,367.0,11.47,282.28,2024-09-20,601,N20,h,N,Santa Cruz,Ñuflo De Chavez,Concepción,3510852.308
-14.82017,-62.23055,328.32,2.43,298.31,2024-09-22,523,N20,n,N,Santa Cruz,Ñuflo De Chavez,Concepción,3510852.308
-14.9419,-61.5893,310.3,23.0,295.8,2024-09-04,222,Terra,23,N,Santa Cruz,Ñuflo De Chavez,Concepción,3510852.308
-16.54924,-60.37557,307.09,3.92,295.9,2024-09-09,545,N,n,N,Santa Cruz,Velasco,San Rafael,973100.718
-16.48387,-60.23902,317.44,2.84,295.84,2024-08-31,537,N20,n,N,Santa Cruz,Velasco,San Ignacio de Velasco,4910231.16
-16.45233,-60.03012,308.18,1.82,291.83,2024-08-28,453,N20,n,N,Santa Cruz,Velasco,San Rafael,973100.718
-19.91807,-62.8997,337.08,5.24,299.54,2024-02-28,1713,N,n,D,Santa Cruz,Cordillera,Charagua,7136018.854
-15.6825,-61.97592,311.4,3.65,294.72,2024-08-29,615,N20,n,N,Santa Cruz,Ñuflo De Chavez,Concepción,3510852.308
-14.4441,-67.1203,366.1,103.8,302.3,2024-10-12,1848,Aqua,100,D,Beni,General Jose Ballivi,Reyes,1264166.592
-15.05972,-63.29004,318.29,1.66,295.55,2024-09-22,524,N20,n,N,Santa Cruz,Guarayos,Urubicha,1046999.667
-17.22335,-60.21901,312.31,11.52,294.42,2024-09-25,427,N20,n,N,Santa Cruz,Chiquitos,San Jose de Chiquitos,1912059.482
-15.27962,-64.60415,334.33,11.29,305.29,2024-08-22,1738,N20,l,D,Beni,Marban,Loreto,536417.598
-17.10818,-58.65407,338.42,5.55,303.09,2024-08-05,1756,N20,n,D,Santa Cruz,Angel Sandoval,San Matías,2708229.504
-16.65752,-60.41706,304.98,1.72,287.34,2024-08-27,512,N20,n,N,Santa Cruz,Velasco,San Rafael,973100.718
-13.8869,-63.31145,337.11,3.01,300.07,2024-10-02,1809,N20,n,D,Beni,Itenez,Baures,1761607.494
-17.54466,-59.36329,351.09,6.7,307.01,2024-09-03,1712,N20,n,D,Santa Cruz,Angel Sandoval,San Matías,2708229.504
-16.7989,-58.8983,378.5,405.8,308.6,2024-08-12,1845,Aqua,100,D,Santa Cruz,Angel Sandoval,San Matías,2708229.504
-16.48706,-63.90285,322.24,2.98,290.85,2024-06-08,513,N20,n,N,Santa Cruz,Sara,Santa Rosa del Sara,411372.581
-17.29586,-59.047,308.24,1.27,295.27,2024-08-22,506,N20,n,N,Santa Cruz,Angel Sandoval,San Matías,2708229.504
-15.15506,-62.0494,329.51,22.29,294.41,2024-09-29,452,N20,n,N,Santa Cruz,Ñuflo De Chavez,Concepción,3510852.308
-15.28015,-61.87035,340.68,4.88,298.08,2024-10-06,1809,N,n,D,Santa Cruz,Ñuflo De Chavez,Concepción,3510852.308
-17.15392,-59.62732,311.19,1.65,283.05,2024-09-23,505,N20,n,N,Santa Cruz,Chiquitos,San Jose de Chiquitos,1912059.482
-17.8339,-61.4448,322.6,115.5,293.9,2024-09-19,233,Terra,100,N,Santa Cruz,Chiquitos,Pailón,1372611.082
-17.35116,-58.61594,367.0,44.78,341.65,2024-09-23,1736,N20,h,D,Santa Cruz,Angel Sandoval,San Matías,2708229.504
-16.29789,-61.64645,332.71,3.77,298.3,2024-09-25,1659,N20,n,D,Santa Cruz,Velasco,San Miguel de Velasco,954415.805
-17.51281,-59.52996,337.74,2.58,306.48,2024-09-06,1732,N,n,D,Santa Cruz,Chiquitos,San Jose de Chiquitos,1912059.482
-17.10718,-58.92732,313.17,3.43,292.77,2024-07-19,519,N,n,N,Santa Cruz,Angel Sandoval,San Matías,2708229.504
-12.45231,-66.60216,331.87,21.71,303.33,2024-09-04,1812,N,l,D,Beni,General Jose Ballivi,Santa Rosa,1210566.888
-15.31443,-63.061,307.14,1.48,292.8,2024-09-30,550,N,n,N,Santa Cruz,Guarayos,Urubicha,1046999.667
-15.7659,-62.1174,369.2,137.9,299.9,2024-08-26,1823,Aqua,100,D,Santa Cruz,Ñuflo De Chavez,Concepción,3510852.308
-15.72618,-61.81266,341.1,5.88,306.99,2024-08-21,1733,N,n,D,Santa Cruz,Ñuflo De Chavez,Concepción,3510852.308
-14.8958,-60.84842,317.93,4.04,287.79,2024-08-25,549,N20,n,N,Santa Cruz,Velasco,San Ignacio de Velasco,4910231.16
-16.55132,-61.05149,343.99,11.1,305.25,2024-09-08,1655,N,n,D,Santa Cruz,Velasco,San Miguel de Velasco,954415.805
-16.02525,-63.71804,328.78,3.08,287.73,2024-07-31,519,N20,n,N,Santa Cruz,Guarayos,El Puente,674484.183
-15.24552,-63.42922,355.72,12.3,304.7,2024-09-01,1751,N20,n,D,Santa Cruz,Guarayos,Ascención de Guarayos,867384.615
-16.96809,-64.24261,307.38,2.25,284.66,2024-10-09,441,N,n,N,Santa Cruz,Ichilo,Yapacaní,951411.755
-13.26547,-66.62788,354.16,21.91,293.01,2024-04-22,1729,N20,n,D,Beni,General Jose Ballivi,Santa Rosa,1210566.888
-15.86151,-61.18212,353.97,10.03,312.48,2024-09-07,1738,N20,n,D,Santa Cruz,Velasco,San Ignacio de Velasco,4910231.16
-15.7282,-62.20619,307.07,0.92,294.32,2024-09-03,557,N,n,N,Santa Cruz,Ñuflo De Chavez,Concepción,3510852.308
-13.62972,-63.07313,315.96,3.03,294.55,2024-09-20,537,N,n,N,Beni,Itenez,Baures,1761607.494
-16.08375,-62.69321,312.81,2.38,294.45,2024-08-19,538,N,n,N,Santa Cruz,Ñuflo De Chavez,San Javier,338137.628
-12.24196,-65.58662,334.44,4.75,299.0,2024-08-21,1758,N20,n,D,Beni,Yacuma,Exaltacion,2497316.752
-18.4916,-57.75449,335.17,5.18,300.07,2024-09-10,526,N,n,N,Santa Cruz,German Busch,Puerto Quijarro,145026.251
-15.23623,-62.03498,303.24,0.96,286.92,2024-09-21,542,N20,n,N,Santa Cruz,Ñuflo De Chavez,Concepción,3510852.308
-16.00944,-64.60488,300.74,0.99,288.44,2024-10-05,440,N20,n,N,Santa Cruz,Ichilo,Yapacaní,951411.755
-16.47434,-61.74485,312.3,1.56,293.38,2024-09-21,543,N20,n,N,Santa Cruz,Ñuflo De Chavez,Concepción,3510852.308
-13.92682,-63.39396,367.0,44.18,307.41,2024-10-01,1804,N,h,D,Beni,Itenez,Baures,1761607.494
-15.13862,-60.83549,329.56,6.82,268.66,2024-08-23,1655,N,n,D,Santa Cruz,Velasco,San Ignacio de Velasco,4910231.16
-14.67599,-63.87048,367.0,23.94,291.92,2024-10-16,614,N20,h,N,Beni,Cercado,San Javier,817332.335
-15.81311,-62.10589,318.98,1.99,285.79,2024-08-26,507,N,n,N,Santa Cruz,Ñuflo De Chavez,Concepción,3510852.308
-14.75008,-62.1211,306.9,3.11,285.69,2024-10-04,615,N,n,N,Santa Cruz,Ñuflo De Chavez,Concepción,3510852.308
-17.19286,-60.32774,337.99,5.44,306.14,2024-12-26,1751,N,n,D,Santa Cruz,Velasco,San Rafael,973100.718
-15.38205,-61.05675,299.8,1.53,285.53,2024-08-13,615,N20,n,N,Santa Cruz,Velasco,San Ignacio de Velasco,4910231.16
-15.65753,-62.0741,348.4,20.45,304.27,2024-09-06,501,N,n,N,Santa Cruz,Ñuflo De Chavez,Concepción,3510852.308
-17.43147,-59.02274,335.32,4.35,302.47,2024-09-10,526,N,n,N,Santa Cruz,Angel Sandoval,San Matías,2708229.504
-12.54456,-64.25085,332.77,4.63,296.19,2024-08-28,1702,N,n,D,Beni,Itenez,Magdalena,1363449.184
-17.8701,-60.35768,367.0,35.61,294.9,2024-06-26,435,N20,h,N,Santa Cruz,Chiquitos,San Jose de Chiquitos,1912059.482
-16.4509,-61.93133,349.14,7.47,298.12,2024-10-04,1706,N,n,D,Santa Cruz,Ñuflo De Chavez,Concepción,3510852.308
-17.3146,-58.98607,367.0,13.69,304.02,2024-08-29,1822,N,h,D,Santa Cruz,Angel Sandoval,San Matías,2708229.504
-16.29,-64.5388,344.5,137.1,297.7,2024-09-24,601,Aqua,100,N,Santa Cruz,Ichilo,Yapacaní,951411.755
-14.66503,-60.77379,338.65,80.1,295.13,2024-10-03,1750,N20,n,D,Santa Cruz,Velasco,San Ignacio de Velasco,4910231.16
-15.02804,-65.46556,356.72,10.39,289.19,2024-10-25,1713,N,l,D,Beni,Moxos,San Ignacio,2001132.642
-15.12728,-62.04583,329.39,17.45,290.74,2024-09-29,428,N,n,N,Santa Cruz,Ñuflo De Chavez,Concepción,3510852.308
-15.52839,-61.08445,341.38,5.73,302.37,2024-07-22,1655,N,n,D,Santa Cruz,Velasco,San Ignacio de Velasco,4910231.16
-13.82922,-62.84378,341.84,127.46,310.62,2024-08-05,1733,N,n,D,Beni,Itenez,Baures,1761607.494
-17.53284,-58.65353,351.55,12.46,313.78,2024-08-28,1725,N20,n,D,Santa Cruz,Angel Sandoval,San Matías,2708229.504
-16.79047,-58.77805,312.54,3.9,293.97,2024-08-19,538,N,n,N,Santa Cruz,Angel Sandoval,San Matías,2708229.504
-16.3056,-60.28168,302.31,1.79,288.08,2024-06-27,556,N20,n,N,Santa Cruz,Velasco,San Ignacio de Velasco,4910231.16
-15.03485,-63.50444,304.12,1.93,287.78,2024-09-28,447,N,n,N,Santa Cruz,Guarayos,Urubicha,1046999.667
-15.4253,-63.27105,337.79,8.96,294.79,2024-09-05,519,N,n,N,Santa Cruz,Guarayos,Urubicha,1046999.667
-13.49301,-63.27004,310.42,2.82,291.63,2024-08-26,530,N20,n,N,Beni,Itenez,Baures,1761607.494
-16.3035,-64.4874,342.3,51.0,306.4,2024-09-23,158,Terra,100,N,Santa Cruz,Ichilo,Yapacaní,951411.755
-18.16412,-62.35007,337.75,6.41,281.92,2024-04-24,1804,N,n,D,Santa Cruz,Cordillera,Charagua,7136018.854
-13.28771,-66.27316,339.32,6.64,307.66,2024-10-02,1809,N20,n,D,Beni,Yacuma,Exaltacion,2497316.752
-14.91184,-60.65369,306.88,1.06,291.96,2024-09-06,524,N20,n,N,Santa Cruz,Velasco,San Ignacio de Velasco,4910231.16
-17.50557,-58.13882,321.63,2.73,296.02,2024-09-05,520,N,n,N,Santa Cruz,Angel Sandoval,San Matías,2708229.504
-16.3914,-60.0805,360.0,151.9,307.7,2024-08-29,1845,Aqua,100,D,Santa Cruz,Velasco,San Ignacio de Velasco,4910231.16
-16.55061,-59.00567,342.06,4.21,293.86,2024-08-06,506,N20,n,N,Santa Cruz,Angel Sandoval,San Matías,2708229.504
-17.73221,-60.02876,325.45,5.4,288.07,2024-03-15,442,N,n,N,Santa Cruz,Chiquitos,San Jose de Chiquitos,1912059.482
-17.05292,-59.74934,323.88,2.13,294.2,2024-09-23,505,N20,n,N,Santa Cruz,Velasco,San Rafael,973100.718
-14.97031,-62.71391,329.73,3.03,296.24,2024-10-02,536,N20,n,N,Santa Cruz,Ñuflo De Chavez,Concepción,3510852.308
-17.72339,-58.14844,337.66,10.79,308.83,2024-08-29,1706,N20,l,D,Santa Cruz,Angel Sandoval,San Matías,2708229.504
-13.4933,-63.4292,335.0,31.4,311.6,2024-08-12,1846,Aqua,86,D,Beni,Itenez,Baures,1761607.494
-15.35564,-61.7185,305.18,1.48,280.12,2024-10-09,440,N,n,N,Santa Cruz,Ñuflo De Chavez,Concepción,3510852.308
-17.99013,-59.16493,332.71,13.18,301.26,2024-09-22,1755,N20,n,D,Santa Cruz,Angel Sandoval,San Matías,2708229.504
-13.68151,-68.06175,335.25,2.22,300.5,2024-10-02,1809,N20,n,D,La Paz,Abel Iturralde,Ixiamas,3745288.103
-15.13091,-61.51183,341.19,5.2,294.59,2024-08-26,1803,N20,n,D,Santa Cruz,Ñuflo De Chavez,Concepción,3510852.308
-15.56183,-63.33305,340.84,3.29,299.37,2024-09-05,1752,N,n,D,Santa Cruz,Guarayos,Ascención de Guarayos,867384.615
-16.25103,-63.17517,356.19,14.59,296.86,2024-10-23,1815,N20,n,D,Santa Cruz,Guarayos,El Puente,674484.183
-17.67818,-62.68472,314.41,0.84,280.62,2024-11-27,446,N20,n,N,Santa Cruz,Chiquitos,Pailón,1372611.082
-15.55365,-61.71492,339.83,17.0,295.06,2024-09-19,1829,N,n,D,Santa Cruz,Ñuflo De Chavez,Concepción,3510852.308
-14.8504,-60.8864,353.8,65.7,296.9,2024-08-26,1343,Terra,97,D,Santa Cruz,Velasco,San Ignacio de Velasco,4910231.16
-14.67879,-65.6377,367.0,15.09,310.73,2024-09-03,1713,N20,h,D,Beni,Moxos,San Ignacio,2001132.642
-16.39822,-60.11106,350.47,21.03,316.04,2024-07-25,1803,N20,n,D,Santa Cruz,Velasco,San Ignacio de Velasco,4910231.16
-16.07396,-62.65825,343.66,6.16,306.13,2024-09-02,1731,N20,n,D,Santa Cruz,Ñuflo De Chavez,San Javier,338137.628
-15.29263,-61.09446,313.11,1.04,287.62,2024-08-27,512,N20,n,N,Santa Cruz,Velasco,San Ignacio de Velasco,4910231.16
-11.77984,-65.45175,334.0,5.55,301.76,2024-10-02,1746,N,l,D,Beni,Vaca Diez,Guayaramerín,650218.903
-15.33377,-62.15122,331.78,3.65,303.39,2024-09-09,1817,N,l,D,Santa Cruz,Ñuflo De Chavez,Concepción,3510852.308
-15.16695,-61.13941,342.5,12.46,299.5,2024-09-04,1810,N,n,D,Santa Cruz,Velasco,San Ignacio de Velasco,4910231.16
-17.36503,-59.78975,333.78,3.41,304.51,2024-09-29,1724,N20,n,D,Santa Cruz,Chiquitos,San Jose de Chiquitos,1912059.482
-15.21466,-61.8343,332.48,2.88,298.68,2024-09-28,1743,N20,n,D,Santa Cruz,Ñuflo De Chavez,Concepción,3510852.308
-16.84624,-61.21769,367.0,10.15,288.95,2024-01-19,442,N20,h,N,Santa Cruz,Velasco,San Miguel de Velasco,954415.805
-15.85835,-60.2562,313.62,3.92,279.59,2024-08-08,609,N20,n,N,Santa Cruz,Velasco,San Ignacio de Velasco,4910231.16
-15.11607,-62.69746,328.82,4.43,299.83,2024-09-10,549,N20,n,N,Santa Cruz,Ñuflo De Chavez,Concepción,3510852.308
-17.53966,-58.55589,367.0,103.94,333.44,2024-09-09,1659,N20,h,D,Santa Cruz,Angel Sandoval,San Matías,2708229.504
-15.5988,-63.392,320.7,26.9,296.5,2024-09-26,220,Terra,100,N,Santa Cruz,Guarayos,Ascención de Guarayos,867384.615
-17.09691,-60.50063,367.0,28.21,293.03,2024-09-20,1833,N20,h,D,Santa Cruz,Velasco,San Rafael,973100.718
-14.4252,-67.0793,325.5,11.7,303.4,2024-10-07,1844,Aqua,41,D,Beni,General Jose Ballivi,Reyes,1264166.592
-16.35029,-64.16958,348.48,9.84,299.66,2024-09-05,1751,N,n,D,Santa Cruz,Ichilo,San Juan,157797.678
-16.3833,-61.63962,310.72,1.75,293.35,2024-08-31,513,N,n,N,Santa Cruz,Velasco,San Miguel de Velasco,954415.805
-16.04677,-64.4548,300.21,0.62,289.19,2024-09-06,524,N20,n,N,Santa Cruz,Ichilo,Yapacaní,951411.755
-15.2787,-62.5782,318.4,10.9,296.6,2024-09-05,1352,Terra,30,D,Santa Cruz,Ñuflo De Chavez,Concepción,3510852.308
-15.61539,-62.38398,344.4,14.76,309.72,2024-09-22,1756,N20,n,D,Santa Cruz,Ñuflo De Chavez,Concepción,3510852.308
-15.00884,-62.69467,313.61,2.99,296.19,2024-09-21,519,N,n,N,Santa Cruz,Ñuflo De Chavez,Concepción,3510852.308
-16.46185,-59.48442,336.56,5.09,308.24,2024-08-01,1732,N20,l,D,Santa Cruz,Angel Sandoval,San Matías,2708229.504
-18.07347,-57.86391,305.05,1.36,292.47,2024-09-13,430,N,n,N,Santa Cruz,German Busch,Puerto Suarez,1298155.148
-17.70271,-59.83143,310.92,1.88,295.31,2024-08-01,436,N,n,N,Santa Cruz,Chiquitos,San Jose de Chiquitos,1912059.482
-14.34124,-67.0601,308.84,2.33,294.81,2024-09-24,603,N,n,N,Beni,General Jose Ballivi,Reyes,1264166.592
-16.75662,-59.44314,327.85,4.62,297.42,2024-08-03,538,N,n,N,Santa Cruz,Angel Sandoval,San Matías,2708229.504
-17.53675,-57.89544,348.22,43.0,305.35,2024-08-23,1718,N20,n,D,Santa Cruz,Angel Sandoval,San Matías,2708229.504
-14.8212,-61.7944,319.0,13.7,295.4,2024-09-28,203,Terra,71,N,Santa Cruz,Ñuflo De Chavez,Concepción,3510852.308
-16.55676,-64.0628,331.37,6.04,294.38,2024-09-29,1700,N,n,D,Santa Cruz,Ichilo,San Juan,157797.678
-13.00963,-63.82473,350.01,21.63,297.07,2024-10-09,1714,N,n,D,Beni,Itenez,Magdalena,1363449.184
-15.1996,-62.6243,394.0,252.1,305.2,2024-09-05,1352,Terra,100,D,Santa Cruz,Ñuflo De Chavez,Concepción,3510852.308
-13.31136,-67.89719,316.55,3.13,262.74,2024-10-12,549,N20,n,N,La Paz,Abel Iturralde,Ixiamas,3745288.103
-14.68543,-65.42935,357.25,11.18,284.77,2024-09-05,1752,N,l,D,Beni,Moxos,San Ignacio,2001132.642
-13.47682,-63.26182,307.9,2.11,295.51,2024-09-10,549,N20,n,N,Beni,Itenez,Baures,1761607.494
-15.4818,-61.36256,350.36,12.0,304.26,2024-08-26,1739,N,n,D,Santa Cruz,Velasco,San Ignacio de Velasco,4910231.16
-15.00587,-61.51315,318.99,1.73,296.38,2024-09-07,505,N20,n,N,Santa Cruz,Ñuflo De Chavez,Concepción,3510852.308
-15.63515,-62.18079,333.95,5.56,298.52,2024-09-08,1655,N,n,D,Santa Cruz,Ñuflo De Chavez,Concepción,3510852.308
-17.75938,-58.17169,309.15,4.76,292.08,2024-09-04,602,N20,n,N,Santa Cruz,Angel Sandoval,San Matías,2708229.504
-18.16538,-57.6993,348.53,7.27,299.41,2024-10-01,1802,N,n,D,Santa Cruz,German Busch,Puerto Quijarro,145026.251
-18.32431,-57.70008,351.13,5.26,307.91,2024-08-31,1744,N,n,D,Santa Cruz,German Busch,Puerto Quijarro,145026.251
-16.022,-61.32112,310.36,1.16,292.34,2024-01-27,442,N,n,N,Santa Cruz,Velasco,San Ignacio de Velasco,4910231.16
-12.53545,-64.09517,305.1,1.41,291.83,2024-08-19,602,N20,n,N,Beni,Itenez,Magdalena,1363449.184
-15.93042,-62.21935,307.44,2.03,292.55,2024-09-05,519,N,n,N,Santa Cruz,Ñuflo De Chavez,Concepción,3510852.308
-15.8155,-62.48078,335.58,10.15,292.7,2024-09-19,1648,N,n,D,Santa Cruz,Ñuflo De Chavez,Concepción,3510852.308
-15.3143,-63.58158,309.05,1.64,282.13,2024-08-26,531,N20,n,N,Santa Cruz,Guarayos,Ascención de Guarayos,867384.615
-13.5823,-64.21844,304.4,1.18,292.61,2024-10-06,537,N,n,N,Beni,Mamore,San Ramón,1007855.847
-12.49873,-65.38872,349.01,11.66,300.45,2024-09-05,1753,N,n,D,Beni,Yacuma,Exaltacion,2497316.752
-18.10221,-59.40775,321.85,66.22,303.5,2024-06-13,454,N,n,N,Santa Cruz,Chiquitos,Robore,735349.232
-12.38292,-66.0477,309.43,2.03,296.32,2024-09-20,537,N,n,N,Beni,Yacuma,Exaltacion,2497316.752
-14.96094,-60.85127,306.78,1.09,279.4,2024-08-26,531,N20,n,N,Santa Cruz,Velasco,San Ignacio de Velasco,4910231.16
-13.92927,-64.23658,316.4,3.72,296.11,2024-09-24,446,N20,n,N,Beni,Mamore,San Ramón,1007855.847
-15.32911,-62.73878,325.67,2.4,296.06,2024-09-03,557,N,n,N,Santa Cruz,Ñuflo De Chavez,Concepción,3510852.308
-11.1221,-67.5254,332.0,21.2,307.0,2024-08-22,1859,Aqua,79,D,Pando,Manuripi,Puerto Rico,531966.648
-15.64176,-64.63809,333.45,6.07,304.72,2024-09-20,1810,N,l,D,Beni,Marban,Loreto,536417.598
-17.18578,-59.00884,302.96,4.06,291.82,2024-07-22,604,N,n,N,Santa Cruz,Angel Sandoval,San Matías,2708229.504
-15.06164,-60.98215,329.69,1.48,293.32,2024-09-01,518,N20,n,N,Santa Cruz,Velasco,San Ignacio de Velasco,4910231.16
-15.5839,-62.36993,331.33,2.6,298.09,2024-09-23,441,N,n,N,Santa Cruz,Ñuflo De Chavez,Concepción,3510852.308
-14.50136,-68.51213,341.72,7.36,304.82,2024-10-06,1834,N20,n,D,La Paz,Franz Tamayo,Apolo,1396952.172
-16.7749,-61.86744,321.77,3.07,293.43,2024-09-12,448,N,n,N,Santa Cruz,Ñuflo De Chavez,San Antonio de Lomerio,250268.452
-15.09875,-61.83544,314.59,1.83,295.53,2024-09-26,548,N20,n,N,Santa Cruz,Ñuflo De Chavez,Concepción,3510852.308
-15.5283,-62.143,322.0,17.4,295.6,2024-09-06,204,Terra,100,N,Santa Cruz,Ñuflo De Chavez,Concepción,3510852.308
-16.8925,-59.5414,349.86,13.25,307.37,2024-08-27,1744,N20,n,D,Santa Cruz,Velasco,San Rafael,973100.718
-13.4287,-63.42948,352.01,6.08,310.0,2024-08-01,1733,N20,n,D,Beni,Itenez,Magdalena,1363449.184
-14.6562,-63.98872,353.73,16.73,295.93,2024-10-10,1719,N20,n,D,Beni,Cercado,San Javier,817332.335
-17.62602,-63.59367,342.55,4.02,300.84,2024-09-03,1829,N,n,D,Santa Cruz,Ichilo,Buena Vista,224991.137
-15.06032,-60.58771,343.97,18.47,301.49,2024-08-30,1828,N20,n,D,Santa Cruz,Velasco,San Ignacio de Velasco,4910231.16
-16.87291,-58.47923,328.45,2.5,297.25,2024-07-09,1803,N20,n,D,Santa Cruz,Angel Sandoval,San Matías,2708229.504
-13.49078,-63.30373,309.96,2.13,295.18,2024-09-09,544,N,n,N,Beni,Itenez,Baures,1761607.494
-13.59982,-66.89149,341.44,3.25,283.86,2024-09-28,627,N,n,N,Beni,General Jose Ballivi,Santa Rosa,1210566.888
-15.96061,-61.78871,327.3,3.13,299.78,2024-07-15,1751,N20,l,D,Santa Cruz,Ñuflo De Chavez,Concepción,3510852.308
-16.86719,-58.90603,335.39,5.18,307.22,2024-07-22,1719,N20,l,D,Santa Cruz,Angel Sandoval,San Matías,2708229.504
-15.38399,-61.64757,310.64,2.26,294.02,2024-10-06,537,N,n,N,Santa Cruz,Ñuflo De Chavez,Concepción,3510852.308
-15.31912,-64.10024,315.69,2.28,297.66,2024-09-09,544,N,n,N,Beni,Marban,San Andrés,935478.015
-15.20433,-61.52414,330.55,4.26,297.44,2024-09-11,530,N20,n,N,Santa Cruz,Ñuflo De Chavez,Concepción,3510852.308
-16.69716,-59.51448,321.24,4.5,296.3,2024-08-06,442,N,n,N,Santa Cruz,Velasco,San Rafael,973100.718
-14.73988,-65.08945,333.96,4.16,295.83,2024-09-20,538,N,n,N,Beni,Moxos,San Ignacio,2001132.642
-17.81125,-59.27373,331.67,11.03,303.33,2024-09-09,1816,N,l,D,Santa Cruz,Angel Sandoval,San Matías,2708229.504
-16.1353,-63.15504,303.24,0.52,290.04,2024-08-03,603,N20,n,N,Santa Cruz,Guarayos,El Puente,674484.183
-15.23418,-61.33823,367.0,11.02,299.88,2024-09-03,1829,N,h,D,Santa Cruz,Velasco,San Ignacio de Velasco,4910231.16
-16.13083,-64.88333,336.45,5.48,302.79,2024-10-08,1756,N20,n,D,Cochabamba,Chapare,Villa Tunari,1456095.378
-15.01274,-63.46577,349.44,5.89,300.29,2024-09-21,519,N,n,N,Santa Cruz,Guarayos,Urubicha,1046999.667
-17.11653,-59.02446,355.45,30.32,311.42,2024-07-19,1751,N,n,D,Santa Cruz,Angel Sandoval,San Matías,2708229.504
-15.33492,-62.35452,309.3,4.61,295.15,2024-09-25,607,N20,n,N,Santa Cruz,Ñuflo De Chavez,Concepción,3510852.308
-14.34441,-61.71556,341.53,9.37,296.62,2024-09-22,500,N,n,N,Santa Cruz,Velasco,San Ignacio de Velasco,4910231.16
-14.81575,-62.23711,318.55,1.93,297.34,2024-09-22,523,N20,n,N,Santa Cruz,Ñuflo De Chavez,Concepción,3510852.308
-15.91532,-60.84214,340.23,3.91,305.85,2024-08-21,1757,N20,n,D,Santa Cruz,Velasco,San Ignacio de Velasco,4910231.16
-15.80306,-61.99823,340.88,26.72,309.04,2024-08-01,1732,N20,n,D,Santa Cruz,Ñuflo De Chavez,Concepción,3510852.308
-13.86865,-61.59454,346.63,12.93,304.32,2024-10-08,1757,N20,n,D,Santa Cruz,Velasco,San Ignacio de Velasco,4910231.16
-14.8496,-60.78594,325.62,7.13,292.85,2024-08-28,429,N,n,N,Santa Cruz,Velasco,San Ignacio de Velasco,4910231.16
-14.95665,-63.36625,367.0,261.42,334.99,2024-10-02,1809,N20,l,D,Santa Cruz,Guarayos,Urubicha,1046999.667
-16.14829,-64.56207,331.19,5.0,297.12,2024-09-26,1821,N20,n,D,Santa Cruz,Ichilo,Yapacaní,951411.755
-17.6984,-58.24522,305.42,1.86,293.01,2024-09-02,436,N,n,N,Santa Cruz,Angel Sandoval,San Matías,2708229.504
-15.68361,-68.70317,332.98,4.16,302.89,2024-07-23,1817,N,n,D,La Paz,Larecaja,Sorata,208695.713
-11.83054,-65.76024,341.22,3.84,288.38,2024-10-07,1752,N,n,D,Beni,Vaca Diez,Riberalta,972562.88
-17.5856,-58.0075,322.8,6.6,304.9,2024-09-12,1820,Aqua,45,D,Santa Cruz,Angel Sandoval,San Matías,2708229.504
-18.65403,-58.32334,301.59,0.78,291.46,2024-06-07,532,N20,n,N,Santa Cruz,German Busch,Carmen Rivero Torrez,1101079.142
-15.588,-62.34183,333.09,5.98,293.24,2024-10-03,1750,N20,n,D,Santa Cruz,Ñuflo De Chavez,Concepción,3510852.308
-17.44823,-59.83887,308.27,1.29,296.13,2024-08-31,514,N,n,N,Santa Cruz,Chiquitos,San Jose de Chiquitos,1912059.482
-13.78948,-63.96025,300.41,2.5,282.86,2024-10-12,549,N20,n,N,Beni,Itenez,Huacaraje,446422.634
-17.28648,-58.92302,302.15,0.62,290.9,2024-09-06,501,N,n,N,Santa Cruz,Angel Sandoval,San Matías,2708229.504
-15.57522,-61.66748,345.3,30.28,302.59,2024-09-22,1756,N20,n,D,Santa Cruz,Ñuflo De Chavez,Concepción,3510852.308
-16.80378,-59.88402,316.46,5.13,296.54,2024-09-08,423,N,n,N,Santa Cruz,Velasco,San Rafael,973100.718
-16.97902,-59.72136,349.86,5.71,308.33,2024-09-22,1732,N,n,D,Santa Cruz,Velasco,San Rafael,973100.718
-15.963,-61.7994,336.7,29.2,305.2,2024-07-16,1830,Aqua,87,D,Santa Cruz,Ñuflo De Chavez,Concepción,3510852.308
-15.59588,-61.17313,351.85,10.95,302.66,2024-08-12,1726,N20,n,D,Santa Cruz,Velasco,San Ignacio de Velasco,4910231.16
-15.71757,-63.52488,321.9,2.57,292.73,2024-08-30,556,N20,n,N,Beni,Marban,San Andrés,935478.015
-15.0046,-60.76465,310.19,0.8,287.49,2024-08-25,526,N,n,N,Santa Cruz,Velasco,San Ignacio de Velasco,4910231.16
-17.61025,-59.20061,310.09,2.44,295.46,2024-08-21,525,N20,n,N,Santa Cruz,Angel Sandoval,San Matías,2708229.504
-15.62359,-62.31324,347.11,22.2,300.64,2024-10-02,1809,N20,n,D,Santa Cruz,Ñuflo De Chavez,Concepción,3510852.308
-15.35895,-62.81642,303.05,1.17,290.68,2024-08-14,532,N,n,N,Santa Cruz,Ñuflo De Chavez,Concepción,3510852.308
-15.39831,-63.91716,305.91,1.38,293.89,2024-10-13,506,N,n,N,Beni,Marban,San Andrés,935478.015
-16.69808,-60.07334,310.01,1.79,292.9,2024-09-02,436,N,n,N,Santa Cruz,Velasco,San Rafael,973100.718
-16.52822,-59.96655,343.81,6.5,303.36,2024-09-01,1750,N20,n,D,Santa Cruz,Velasco,San Rafael,973100.718
-15.06753,-60.36684,333.65,12.5,299.84,2024-09-19,1712,N20,n,D,Santa Cruz,Velasco,San Ignacio de Velasco,4910231.16
-15.06989,-61.61389,333.51,2.81,302.1,2024-08-31,1746,N,n,D,Santa Cruz,Ñuflo De Chavez,Concepción,3510852.308
-15.8401,-63.60821,299.52,2.6,287.25,2024-09-28,447,N,n,N,Beni,Marban,San Andrés,935478.015
-16.52171,-59.23797,367.0,211.02,327.48,2024-08-01,1707,N,l,D,Santa Cruz,Angel Sandoval,San Matías,2708229.504
-14.30794,-61.6229,316.39,1.45,291.64,2024-10-11,543,N,n,N,Santa Cruz,Velasco,San Ignacio de Velasco,4910231.16
-15.3226,-61.8404,308.2,5.9,295.7,2024-09-22,619,Aqua,54,N,Santa Cruz,Ñuflo De Chavez,Concepción,3510852.308
-14.8218,-65.8478,392.3,322.7,289.3,2024-10-10,1906,Aqua,100,D,Beni,Yacuma,Santa Ana de Yacuma,2009278.188
-11.862,-65.7101,324.9,2.05,294.28,2024-10-07,542,N20,n,N,Beni,Vaca Diez,Riberalta,972562.88
-17.60542,-59.44392,306.61,1.44,293.33,2024-08-31,537,N20,n,N,Santa Cruz,Angel Sandoval,San Matías,2708229.504
-15.70643,-61.38755,354.26,27.0,311.9,2024-09-01,1726,N,n,D,Santa Cruz,Velasco,San Ignacio de Velasco,4910231.16
-17.79533,-59.14024,338.96,10.53,306.32,2024-09-09,1816,N,n,D,Santa Cruz,Angel Sandoval,San Matías,2708229.504
-17.75231,-59.05847,299.57,0.98,288.11,2024-08-27,512,N20,n,N,Santa Cruz,Angel Sandoval,San Matías,2708229.504
-16.20118,-64.06516,307.99,0.48,294.85,2024-09-11,531,N20,n,N,Santa Cruz,Sara,Santa Rosa del Sara,411372.581
-16.68626,-60.04165,312.84,1.25,293.04,2024-09-02,436,N,n,N,Santa Cruz,Velasco,San Rafael,973100.718
-16.79616,-58.85099,367.0,45.1,306.23,2024-08-15,1809,N20,h,D,Santa Cruz,Angel Sandoval,San Matías,2708229.504
-16.45057,-62.74416,327.67,2.54,293.85,2024-07-19,519,N,n,N,Santa Cruz,Ñuflo De Chavez,San Javier,338137.628
-15.36091,-62.80288,309.77,4.7,288.21,2024-08-13,435,N20,n,N,Santa Cruz,Ñuflo De Chavez,Concepción,3510852.308
-17.26099,-58.84273,315.49,1.07,293.14,2024-08-05,501,N,n,N,Santa Cruz,Angel Sandoval,San Matías,2708229.504
-15.22899,-64.80285,334.35,5.64,305.46,2024-10-02,1809,N20,l,D,Beni,Marban,Loreto,536417.598
-15.00141,-60.72903,351.74,14.3,290.7,2024-08-25,1822,N20,n,D,Santa Cruz,Velasco,San Ignacio de Velasco,4910231.16
-16.04577,-62.25137,323.9,1.97,288.48,2024-08-13,435,N20,n,N,Santa Cruz,Ñuflo De Chavez,Concepción,3510852.308
-16.7702,-62.4045,319.3,11.5,297.7,2024-08-31,1828,Aqua,49,D,Santa Cruz,Ñuflo De Chavez,Concepción,3510852.308
-16.93366,-59.3664,343.04,12.55,297.37,2024-08-04,1751,N,n,D,Santa Cruz,Angel Sandoval,San Matías,2708229.504
-13.26797,-68.0289,355.73,30.08,302.88,2024-10-12,1822,N20,n,D,La Paz,Abel Iturralde,Ixiamas,3745288.103
-14.6517,-65.079,346.6,158.5,295.8,2024-09-19,234,Terra,100,N,Beni,Moxos,San Ignacio,2001132.642
-12.45293,-65.08904,355.48,16.69,307.55,2024-08-29,1848,N20,n,D,Beni,Mamore,Puerto Siles,207114.453
-17.21894,-60.30633,329.32,3.89,294.49,2024-09-08,447,N20,n,N,Santa Cruz,Chiquitos,San Jose de Chiquitos,1912059.482
-16.35051,-59.59094,309.17,1.94,294.59,2024-08-06,506,N20,n,N,Santa Cruz,Velasco,San Ignacio de Velasco,4910231.16
-16.24682,-61.74593,330.83,2.91,299.82,2024-08-29,1823,N,n,D,Santa Cruz,Ñuflo De Chavez,Concepción,3510852.308
-11.47563,-65.60026,313.11,3.35,288.83,2024-10-16,549,N,n,N,Beni,Vaca Diez,Guayaramerín,650218.903
-15.30582,-63.76389,316.46,3.03,290.54,2024-09-17,518,N20,n,N,Santa Cruz,Guarayos,Ascención de Guarayos,867384.615
-17.61449,-58.74481,312.23,2.31,295.38,2024-09-09,428,N20,n,N,Santa Cruz,Angel Sandoval,San Matías,2708229.504
-19.67642,-64.10154,331.82,3.07,301.76,2024-07-03,1815,N20,n,D,Chuquisaca,Hernando Siles,Monteagudo,338656.563
